Start Date,Assets,Weights
2022-10-21,"UPRO, TECS, EEM, SOXL, TMF, EPI, YCS, EWZ, VOO, UUP, DBC, SHY, ERX, TECL, SPXS, TQQQ, EFA, SOXS, VIXY, EUO, UVXY, UCO, TMV, SQQQ, AGG","0%, 0%, 0%, 0%, 0%, 0%, 0%, 0%, 0%, 0%, 0%, 0%, 0%, 0%, 0%, 0%, 0%, 0%, 0%, 0%, 0%, 0%, 100.0%, 0%, 0%"
2022-10-17,"UPRO, TECS, EEM, SOXL, TMF, EPI, YCS, EWZ, VOO, UUP, DBC, SHY, ERX, TECL, SPXS, TQQQ, EFA, SOXS, VIXY, EUO, UVXY, UCO, TMV, SQQQ, AGG","0%, 0%, 0%, 100.0%, 0%, 0%, 0%, 0%, 0%, 0%, 0%, 0%, 0%, 0%, 0%, 0%, 0%, 0%, 0%, 0%, 0%, 0%, 0%, 0%, 0%"
2022-10-13,"UPRO, TECS, EEM, SOXL, TMF, EPI, YCS, EWZ, VOO, UUP, DBC, SHY, ERX, TECL, SPXS, TQQQ, EFA, SOXS, VIXY, EUO, UVXY, UCO, TMV, SQQQ, AGG","0%, 0%, 0%, 0%, 0%, 0%, 0%, 0%, 0%, 0%, 0%, 0%, 0%, 0%, 0%, 0%, 0%, 100.0%, 0%, 0%, 0%, 0%, 0%, 0%, 0%"
2022-10-11,"UPRO, TECS, EEM, SOXL, TMF, EPI, YCS, EWZ, VOO, UUP, DBC, SHY, ERX, TECL, SPXS, TQQQ, EFA, SOXS, VIXY, EUO, UVXY, UCO, TMV, SQQQ, AGG","100.0%, 0%, 0%, 0%, 0%, 0%, 0%, 0%, 0%, 0%, 0%, 0%, 0%, 0%, 0%, 0%, 0%, 0%, 0%, 0%, 0%, 0%, 0%, 0%, 0%"
2022-10-10,"UPRO, TECS, EEM, SOXL, TMF, EPI, YCS, EWZ, VOO, UUP, DBC, SHY, ERX, TECL, SPXS, TQQQ, EFA, SOXS, VIXY, EUO, UVXY, UCO, TMV, SQQQ, AGG","0%, 0%, 0%, 0%, 0%, 0%, 0%, 0%, 0%, 0%, 0%, 0%, 0%, 0%, 100.0%, 0%, 0%, 0%, 0%, 0%, 0%, 0%, 0%, 0%, 0%"
2022-10-07,"UPRO, TECS, EEM, SOXL, TMF, EPI, YCS, EWZ, VOO, UUP, DBC, SHY, ERX, TECL, SPXS, TQQQ, EFA, SOXS, VIXY, EUO, UVXY, UCO, TMV, SQQQ, AGG","0%, 0%, 0%, 0%, 0%, 0%, 0%, 0%, 0%, 0%, 0%, 0%, 0%, 0%, 0%, 0%, 0%, 100.0%, 0%, 0%, 0%, 0%, 0%, 0%, 0%"
2022-10-06,"UPRO, TECS, EEM, SOXL, TMF, EPI, YCS, EWZ, VOO, UUP, DBC, SHY, ERX, TECL, SPXS, TQQQ, EFA, SOXS, VIXY, EUO, UVXY, UCO, TMV, SQQQ, AGG","0%, 0%, 0%, 0%, 0%, 0%, 0%, 0%, 0%, 0%, 0%, 0%, 0%, 0%, 0%, 0%, 0%, 0%, 0%, 0%, 0%, 0%, 100.0%, 0%, 0%"
2022-10-03,"UPRO, TECS, EEM, SOXL, TMF, EPI, YCS, EWZ, VOO, UUP, DBC, SHY, ERX, TECL, SPXS, TQQQ, EFA, SOXS, VIXY, EUO, UVXY, UCO, TMV, SQQQ, AGG","0%, 0%, 0%, 100.0%, 0%, 0%, 0%, 0%, 0%, 0%, 0%, 0%, 0%, 0%, 0%, 0%, 0%, 0%, 0%, 0%, 0%, 0%, 0%, 0%, 0%"
2022-09-30,"UPRO, TECS, EEM, SOXL, TMF, EPI, YCS, EWZ, VOO, UUP, DBC, SHY, ERX, TECL, SPXS, TQQQ, EFA, SOXS, VIXY, EUO, UVXY, UCO, TMV, SQQQ, AGG","0%, 0%, 0%, 0%, 0%, 0%, 0%, 0%, 0%, 0%, 0%, 0%, 0%, 100.0%, 0%, 0%, 0%, 0%, 0%, 0%, 0%, 0%, 0%, 0%, 0%"
2022-09-29,"UPRO, TECS, EEM, SOXL, TMF, EPI, YCS, EWZ, VOO, UUP, DBC, SHY, ERX, TECL, SPXS, TQQQ, EFA, SOXS, VIXY, EUO, UVXY, UCO, TMV, SQQQ, AGG","0%, 0%, 0%, 100.0%, 0%, 0%, 0%, 0%, 0%, 0%, 0%, 0%, 0%, 0%, 0%, 0%, 0%, 0%, 0%, 0%, 0%, 0%, 0%, 0%, 0%"
2022-09-27,"UPRO, TECS, EEM, SOXL, TMF, EPI, YCS, EWZ, VOO, UUP, DBC, SHY, ERX, TECL, SPXS, TQQQ, EFA, SOXS, VIXY, EUO, UVXY, UCO, TMV, SQQQ, AGG","0%, 0%, 0%, 0%, 0%, 0%, 0%, 0%, 0%, 0%, 0%, 0%, 0%, 0%, 0%, 0%, 0%, 100.0%, 0%, 0%, 0%, 0%, 0%, 0%, 0%"
2022-09-26,"UPRO, TECS, EEM, SOXL, TMF, EPI, YCS, EWZ, VOO, UUP, DBC, SHY, ERX, TECL, SPXS, TQQQ, EFA, SOXS, VIXY, EUO, UVXY, UCO, TMV, SQQQ, AGG","0%, 0%, 0%, 0%, 0%, 0%, 0%, 0%, 0%, 0%, 0%, 0%, 0%, 0%, 0%, 0%, 0%, 0%, 0%, 0%, 0%, 0%, 0%, 100.0%, 0%"
2022-09-23,"UPRO, TECS, EEM, SOXL, TMF, EPI, YCS, EWZ, VOO, UUP, DBC, SHY, ERX, TECL, SPXS, TQQQ, EFA, SOXS, VIXY, EUO, UVXY, UCO, TMV, SQQQ, AGG","0%, 0%, 0%, 0%, 0%, 0%, 0%, 0%, 0%, 0%, 0%, 0%, 0%, 0%, 0%, 0%, 0%, 100.0%, 0%, 0%, 0%, 0%, 0%, 0%, 0%"
2022-09-22,"UPRO, TECS, EEM, SOXL, TMF, EPI, YCS, EWZ, VOO, UUP, DBC, SHY, ERX, TECL, SPXS, TQQQ, EFA, SOXS, VIXY, EUO, UVXY, UCO, TMV, SQQQ, AGG","0%, 0%, 0%, 0%, 0%, 0%, 0%, 0%, 0%, 0%, 0%, 0%, 0%, 0%, 0%, 0%, 0%, 0%, 0%, 0%, 0%, 0%, 0%, 100.0%, 0%"
2022-09-21,"UPRO, TECS, EEM, SOXL, TMF, EPI, YCS, EWZ, VOO, UUP, DBC, SHY, ERX, TECL, SPXS, TQQQ, EFA, SOXS, VIXY, EUO, UVXY, UCO, TMV, SQQQ, AGG","0%, 0%, 0%, 0%, 0%, 0%, 0%, 0%, 0%, 0%, 0%, 0%, 0%, 0%, 0%, 0%, 0%, 100.0%, 0%, 0%, 0%, 0%, 0%, 0%, 0%"
2022-09-19,"UPRO, TECS, EEM, SOXL, TMF, EPI, YCS, EWZ, VOO, UUP, DBC, SHY, ERX, TECL, SPXS, TQQQ, EFA, SOXS, VIXY, EUO, UVXY, UCO, TMV, SQQQ, AGG","0%, 0%, 0%, 0%, 0%, 0%, 0%, 0%, 0%, 0%, 0%, 0%, 0%, 0%, 0%, 0%, 0%, 0%, 0%, 0%, 0%, 0%, 0%, 100.0%, 0%"
2022-09-16,"UPRO, TECS, EEM, SOXL, TMF, EPI, YCS, EWZ, VOO, UUP, DBC, SHY, ERX, TECL, SPXS, TQQQ, EFA, SOXS, VIXY, EUO, UVXY, UCO, TMV, SQQQ, AGG","0%, 0%, 0%, 0%, 0%, 0%, 0%, 0%, 0%, 0%, 0%, 0%, 100.0%, 0%, 0%, 0%, 0%, 0%, 0%, 0%, 0%, 0%, 0%, 0%, 0%"
2022-09-14,"UPRO, TECS, EEM, SOXL, TMF, EPI, YCS, EWZ, VOO, UUP, DBC, SHY, ERX, TECL, SPXS, TQQQ, EFA, SOXS, VIXY, EUO, UVXY, UCO, TMV, SQQQ, AGG","0%, 0%, 0%, 0%, 0%, 0%, 0%, 0%, 0%, 0%, 0%, 0%, 0%, 0%, 0%, 0%, 0%, 100.0%, 0%, 0%, 0%, 0%, 0%, 0%, 0%"
2022-09-13,"UPRO, TECS, EEM, SOXL, TMF, EPI, YCS, EWZ, VOO, UUP, DBC, SHY, ERX, TECL, SPXS, TQQQ, EFA, SOXS, VIXY, EUO, UVXY, UCO, TMV, SQQQ, AGG","0%, 0%, 0%, 0%, 0%, 0%, 0%, 0%, 0%, 0%, 0%, 0%, 0%, 0%, 100.0%, 0%, 0%, 0%, 0%, 0%, 0%, 0%, 0%, 0%, 0%"
2022-09-09,"UPRO, TECS, EEM, SOXL, TMF, EPI, YCS, EWZ, VOO, UUP, DBC, SHY, ERX, TECL, SPXS, TQQQ, EFA, SOXS, VIXY, EUO, UVXY, UCO, TMV, SQQQ, AGG","0%, 0%, 0%, 0%, 0%, 0%, 0%, 0%, 0%, 0%, 0%, 0%, 0%, 0%, 0%, 0%, 0%, 0%, 0%, 0%, 0%, 0%, 100.0%, 0%, 0%"
2022-09-08,"UPRO, TECS, EEM, SOXL, TMF, EPI, YCS, EWZ, VOO, UUP, DBC, SHY, ERX, TECL, SPXS, TQQQ, EFA, SOXS, VIXY, EUO, UVXY, UCO, TMV, SQQQ, AGG","0%, 0%, 0%, 100.0%, 0%, 0%, 0%, 0%, 0%, 0%, 0%, 0%, 0%, 0%, 0%, 0%, 0%, 0%, 0%, 0%, 0%, 0%, 0%, 0%, 0%"
2022-09-07,"UPRO, TECS, EEM, SOXL, TMF, EPI, YCS, EWZ, VOO, UUP, DBC, SHY, ERX, TECL, SPXS, TQQQ, EFA, SOXS, VIXY, EUO, UVXY, UCO, TMV, SQQQ, AGG","0%, 0%, 0%, 0%, 0%, 0%, 0%, 0%, 0%, 0%, 0%, 0%, 0%, 0%, 0%, 0%, 0%, 100.0%, 0%, 0%, 0%, 0%, 0%, 0%, 0%"
2022-09-02,"UPRO, TECS, EEM, SOXL, TMF, EPI, YCS, EWZ, VOO, UUP, DBC, SHY, ERX, TECL, SPXS, TQQQ, EFA, SOXS, VIXY, EUO, UVXY, UCO, TMV, SQQQ, AGG","0%, 0%, 0%, 0%, 0%, 0%, 0%, 0%, 0%, 0%, 0%, 0%, 0%, 100.0%, 0%, 0%, 0%, 0%, 0%, 0%, 0%, 0%, 0%, 0%, 0%"
2022-09-01,"UPRO, TECS, EEM, SOXL, TMF, EPI, YCS, EWZ, VOO, UUP, DBC, SHY, ERX, TECL, SPXS, TQQQ, EFA, SOXS, VIXY, EUO, UVXY, UCO, TMV, SQQQ, AGG","0%, 0%, 0%, 0%, 0%, 0%, 0%, 0%, 0%, 0%, 0%, 0%, 0%, 0%, 0%, 0%, 0%, 100.0%, 0%, 0%, 0%, 0%, 0%, 0%, 0%"
2022-08-31,"UPRO, TECS, EEM, SOXL, TMF, EPI, YCS, EWZ, VOO, UUP, DBC, SHY, ERX, TECL, SPXS, TQQQ, EFA, SOXS, VIXY, EUO, UVXY, UCO, TMV, SQQQ, AGG","0%, 0%, 0%, 0%, 0%, 0%, 0%, 0%, 0%, 0%, 0%, 0%, 0%, 100.0%, 0%, 0%, 0%, 0%, 0%, 0%, 0%, 0%, 0%, 0%, 0%"
2022-08-30,"UPRO, TECS, EEM, SOXL, TMF, EPI, YCS, EWZ, VOO, UUP, DBC, SHY, ERX, TECL, SPXS, TQQQ, EFA, SOXS, VIXY, EUO, UVXY, UCO, TMV, SQQQ, AGG","0%, 0%, 0%, 0%, 0%, 0%, 0%, 0%, 0%, 0%, 0%, 0%, 0%, 0%, 0%, 0%, 0%, 100.0%, 0%, 0%, 0%, 0%, 0%, 0%, 0%"
2022-08-29,"UPRO, TECS, EEM, SOXL, TMF, EPI, YCS, EWZ, VOO, UUP, DBC, SHY, ERX, TECL, SPXS, TQQQ, EFA, SOXS, VIXY, EUO, UVXY, UCO, TMV, SQQQ, AGG","0%, 0%, 0%, 0%, 0%, 0%, 0%, 0%, 0%, 0%, 0%, 0%, 0%, 0%, 100.0%, 0%, 0%, 0%, 0%, 0%, 0%, 0%, 0%, 0%, 0%"
2022-08-26,"UPRO, TECS, EEM, SOXL, TMF, EPI, YCS, EWZ, VOO, UUP, DBC, SHY, ERX, TECL, SPXS, TQQQ, EFA, SOXS, VIXY, EUO, UVXY, UCO, TMV, SQQQ, AGG","0%, 0%, 0%, 0%, 0%, 0%, 0%, 0%, 0%, 0%, 0%, 0%, 100.0%, 0%, 0%, 0%, 0%, 0%, 0%, 0%, 0%, 0%, 0%, 0%, 0%"
2022-08-24,"UPRO, TECS, EEM, SOXL, TMF, EPI, YCS, EWZ, VOO, UUP, DBC, SHY, ERX, TECL, SPXS, TQQQ, EFA, SOXS, VIXY, EUO, UVXY, UCO, TMV, SQQQ, AGG","0%, 0%, 0%, 0%, 0%, 0%, 0%, 0%, 0%, 0%, 0%, 0%, 0%, 0%, 0%, 0%, 0%, 0%, 0%, 0%, 0%, 0%, 0%, 100.0%, 0%"
2022-08-23,"UPRO, TECS, EEM, SOXL, TMF, EPI, YCS, EWZ, VOO, UUP, DBC, SHY, ERX, TECL, SPXS, TQQQ, EFA, SOXS, VIXY, EUO, UVXY, UCO, TMV, SQQQ, AGG","0%, 0%, 0%, 0%, 0%, 0%, 0%, 0%, 0%, 0%, 0%, 0%, 0%, 0%, 100.0%, 0%, 0%, 0%, 0%, 0%, 0%, 0%, 0%, 0%, 0%"
2022-08-22,"UPRO, TECS, EEM, SOXL, TMF, EPI, YCS, EWZ, VOO, UUP, DBC, SHY, ERX, TECL, SPXS, TQQQ, EFA, SOXS, VIXY, EUO, UVXY, UCO, TMV, SQQQ, AGG","0%, 0%, 0%, 0%, 0%, 0%, 0%, 0%, 0%, 0%, 0%, 0%, 100.0%, 0%, 0%, 0%, 0%, 0%, 0%, 0%, 0%, 0%, 0%, 0%, 0%"
2022-08-19,"UPRO, TECS, EEM, SOXL, TMF, EPI, YCS, EWZ, VOO, UUP, DBC, SHY, ERX, TECL, SPXS, TQQQ, EFA, SOXS, VIXY, EUO, UVXY, UCO, TMV, SQQQ, AGG","0%, 0%, 0%, 0%, 0%, 0%, 0%, 0%, 0%, 0%, 0%, 0%, 0%, 0%, 0%, 0%, 0%, 100.0%, 0%, 0%, 0%, 0%, 0%, 0%, 0%"
2022-08-18,"UPRO, TECS, EEM, SOXL, TMF, EPI, YCS, EWZ, VOO, UUP, DBC, SHY, ERX, TECL, SPXS, TQQQ, EFA, SOXS, VIXY, EUO, UVXY, UCO, TMV, SQQQ, AGG","0%, 0%, 0%, 0%, 0%, 0%, 0%, 0%, 0%, 0%, 0%, 0%, 0%, 0%, 0%, 0%, 0%, 0%, 0%, 0%, 0%, 0%, 100.0%, 0%, 0%"
2022-08-15,"UPRO, TECS, EEM, SOXL, TMF, EPI, YCS, EWZ, VOO, UUP, DBC, SHY, ERX, TECL, SPXS, TQQQ, EFA, SOXS, VIXY, EUO, UVXY, UCO, TMV, SQQQ, AGG","0%, 0%, 0%, 0%, 100.0%, 0%, 0%, 0%, 0%, 0%, 0%, 0%, 0%, 0%, 0%, 0%, 0%, 0%, 0%, 0%, 0%, 0%, 0%, 0%, 0%"
2022-08-10,"UPRO, TECS, EEM, SOXL, TMF, EPI, YCS, EWZ, VOO, UUP, DBC, SHY, ERX, TECL, SPXS, TQQQ, EFA, SOXS, VIXY, EUO, UVXY, UCO, TMV, SQQQ, AGG","0%, 0%, 0%, 100.0%, 0%, 0%, 0%, 0%, 0%, 0%, 0%, 0%, 0%, 0%, 0%, 0%, 0%, 0%, 0%, 0%, 0%, 0%, 0%, 0%, 0%"
2022-08-09,"UPRO, TECS, EEM, SOXL, TMF, EPI, YCS, EWZ, VOO, UUP, DBC, SHY, ERX, TECL, SPXS, TQQQ, EFA, SOXS, VIXY, EUO, UVXY, UCO, TMV, SQQQ, AGG","0%, 0%, 0%, 0%, 0%, 0%, 0%, 0%, 0%, 0%, 0%, 0%, 0%, 0%, 0%, 0%, 0%, 0%, 0%, 0%, 0%, 0%, 0%, 0%, 100.0%"
2022-08-05,"UPRO, TECS, EEM, SOXL, TMF, EPI, YCS, EWZ, VOO, UUP, DBC, SHY, ERX, TECL, SPXS, TQQQ, EFA, SOXS, VIXY, EUO, UVXY, UCO, TMV, SQQQ, AGG","0%, 0%, 0%, 0%, 100.0%, 0%, 0%, 0%, 0%, 0%, 0%, 0%, 0%, 0%, 0%, 0%, 0%, 0%, 0%, 0%, 0%, 0%, 0%, 0%, 0%"
2022-08-02,"UPRO, TECS, EEM, SOXL, TMF, EPI, YCS, EWZ, VOO, UUP, DBC, SHY, ERX, TECL, SPXS, TQQQ, EFA, SOXS, VIXY, EUO, UVXY, UCO, TMV, SQQQ, AGG","0%, 0%, 0%, 100.0%, 0%, 0%, 0%, 0%, 0%, 0%, 0%, 0%, 0%, 0%, 0%, 0%, 0%, 0%, 0%, 0%, 0%, 0%, 0%, 0%, 0%"
2022-08-01,"UPRO, TECS, EEM, SOXL, TMF, EPI, YCS, EWZ, VOO, UUP, DBC, SHY, ERX, TECL, SPXS, TQQQ, EFA, SOXS, VIXY, EUO, UVXY, UCO, TMV, SQQQ, AGG","0%, 0%, 0%, 0%, 0%, 0%, 0%, 0%, 0%, 0%, 0%, 0%, 0%, 0%, 0%, 0%, 0%, 0%, 0%, 0%, 100.0%, 0%, 0%, 0%, 0%"
2022-07-29,"UPRO, TECS, EEM, SOXL, TMF, EPI, YCS, EWZ, VOO, UUP, DBC, SHY, ERX, TECL, SPXS, TQQQ, EFA, SOXS, VIXY, EUO, UVXY, UCO, TMV, SQQQ, AGG","0%, 0%, 0%, 0%, 0%, 0%, 0%, 0%, 0%, 0%, 0%, 0%, 0%, 0%, 0%, 0%, 0%, 0%, 100.0%, 0%, 0%, 0%, 0%, 0%, 0%"
2022-07-25,"UPRO, TECS, EEM, SOXL, TMF, EPI, YCS, EWZ, VOO, UUP, DBC, SHY, ERX, TECL, SPXS, TQQQ, EFA, SOXS, VIXY, EUO, UVXY, UCO, TMV, SQQQ, AGG","0%, 0%, 0%, 100.0%, 0%, 0%, 0%, 0%, 0%, 0%, 0%, 0%, 0%, 0%, 0%, 0%, 0%, 0%, 0%, 0%, 0%, 0%, 0%, 0%, 0%"
2022-07-21,"UPRO, TECS, EEM, SOXL, TMF, EPI, YCS, EWZ, VOO, UUP, DBC, SHY, ERX, TECL, SPXS, TQQQ, EFA, SOXS, VIXY, EUO, UVXY, UCO, TMV, SQQQ, AGG","0%, 0%, 0%, 0%, 0%, 0%, 0%, 100.0%, 0%, 0%, 0%, 0%, 0%, 0%, 0%, 0%, 0%, 0%, 0%, 0%, 0%, 0%, 0%, 0%, 0%"
2022-07-01,"UPRO, TECS, EEM, SOXL, TMF, EPI, YCS, EWZ, VOO, UUP, DBC, SHY, ERX, TECL, SPXS, TQQQ, EFA, SOXS, VIXY, EUO, UVXY, UCO, TMV, SQQQ, AGG","0%, 0%, 0%, 100.0%, 0%, 0%, 0%, 0%, 0%, 0%, 0%, 0%, 0%, 0%, 0%, 0%, 0%, 0%, 0%, 0%, 0%, 0%, 0%, 0%, 0%"
2022-06-30,"UPRO, TECS, EEM, SOXL, TMF, EPI, YCS, EWZ, VOO, UUP, DBC, SHY, ERX, TECL, SPXS, TQQQ, EFA, SOXS, VIXY, EUO, UVXY, UCO, TMV, SQQQ, AGG","0%, 0%, 0%, 0%, 0%, 0%, 0%, 0%, 0%, 0%, 0%, 0%, 0%, 0%, 0%, 0%, 0%, 100.0%, 0%, 0%, 0%, 0%, 0%, 0%, 0%"
2022-06-29,"UPRO, TECS, EEM, SOXL, TMF, EPI, YCS, EWZ, VOO, UUP, DBC, SHY, ERX, TECL, SPXS, TQQQ, EFA, SOXS, VIXY, EUO, UVXY, UCO, TMV, SQQQ, AGG","0%, 100.0%, 0%, 0%, 0%, 0%, 0%, 0%, 0%, 0%, 0%, 0%, 0%, 0%, 0%, 0%, 0%, 0%, 0%, 0%, 0%, 0%, 0%, 0%, 0%"
2022-06-28,"UPRO, TECS, EEM, SOXL, TMF, EPI, YCS, EWZ, VOO, UUP, DBC, SHY, ERX, TECL, SPXS, TQQQ, EFA, SOXS, VIXY, EUO, UVXY, UCO, TMV, SQQQ, AGG","0%, 0%, 0%, 0%, 0%, 0%, 0%, 0%, 0%, 0%, 0%, 0%, 0%, 0%, 100.0%, 0%, 0%, 0%, 0%, 0%, 0%, 0%, 0%, 0%, 0%"
2022-06-27,"UPRO, TECS, EEM, SOXL, TMF, EPI, YCS, EWZ, VOO, UUP, DBC, SHY, ERX, TECL, SPXS, TQQQ, EFA, SOXS, VIXY, EUO, UVXY, UCO, TMV, SQQQ, AGG","0%, 0%, 0%, 0%, 0%, 0%, 0%, 0%, 0%, 0%, 0%, 0%, 0%, 0%, 0%, 0%, 0%, 0%, 0%, 0%, 0%, 0%, 100.0%, 0%, 0%"
2022-06-23,"UPRO, TECS, EEM, SOXL, TMF, EPI, YCS, EWZ, VOO, UUP, DBC, SHY, ERX, TECL, SPXS, TQQQ, EFA, SOXS, VIXY, EUO, UVXY, UCO, TMV, SQQQ, AGG","0%, 0%, 0%, 100.0%, 0%, 0%, 0%, 0%, 0%, 0%, 0%, 0%, 0%, 0%, 0%, 0%, 0%, 0%, 0%, 0%, 0%, 0%, 0%, 0%, 0%"
2022-06-22,"UPRO, TECS, EEM, SOXL, TMF, EPI, YCS, EWZ, VOO, UUP, DBC, SHY, ERX, TECL, SPXS, TQQQ, EFA, SOXS, VIXY, EUO, UVXY, UCO, TMV, SQQQ, AGG","0%, 0%, 0%, 0%, 0%, 0%, 0%, 0%, 0%, 0%, 0%, 0%, 0%, 0%, 0%, 0%, 0%, 0%, 0%, 0%, 0%, 0%, 100.0%, 0%, 0%"
2022-06-21,"UPRO, TECS, EEM, SOXL, TMF, EPI, YCS, EWZ, VOO, UUP, DBC, SHY, ERX, TECL, SPXS, TQQQ, EFA, SOXS, VIXY, EUO, UVXY, UCO, TMV, SQQQ, AGG","0%, 0%, 0%, 0%, 0%, 0%, 0%, 0%, 0%, 0%, 0%, 0%, 0%, 0%, 0%, 0%, 0%, 100.0%, 0%, 0%, 0%, 0%, 0%, 0%, 0%"
2022-06-16,"UPRO, TECS, EEM, SOXL, TMF, EPI, YCS, EWZ, VOO, UUP, DBC, SHY, ERX, TECL, SPXS, TQQQ, EFA, SOXS, VIXY, EUO, UVXY, UCO, TMV, SQQQ, AGG","0%, 0%, 0%, 100.0%, 0%, 0%, 0%, 0%, 0%, 0%, 0%, 0%, 0%, 0%, 0%, 0%, 0%, 0%, 0%, 0%, 0%, 0%, 0%, 0%, 0%"
2022-06-09,"UPRO, TECS, EEM, SOXL, TMF, EPI, YCS, EWZ, VOO, UUP, DBC, SHY, ERX, TECL, SPXS, TQQQ, EFA, SOXS, VIXY, EUO, UVXY, UCO, TMV, SQQQ, AGG","0%, 0%, 0%, 0%, 0%, 0%, 0%, 0%, 0%, 0%, 0%, 0%, 0%, 0%, 0%, 0%, 0%, 100.0%, 0%, 0%, 0%, 0%, 0%, 0%, 0%"
2022-06-08,"UPRO, TECS, EEM, SOXL, TMF, EPI, YCS, EWZ, VOO, UUP, DBC, SHY, ERX, TECL, SPXS, TQQQ, EFA, SOXS, VIXY, EUO, UVXY, UCO, TMV, SQQQ, AGG","0%, 0%, 0%, 0%, 0%, 0%, 100.0%, 0%, 0%, 0%, 0%, 0%, 0%, 0%, 0%, 0%, 0%, 0%, 0%, 0%, 0%, 0%, 0%, 0%, 0%"
2022-06-07,"UPRO, TECS, EEM, SOXL, TMF, EPI, YCS, EWZ, VOO, UUP, DBC, SHY, ERX, TECL, SPXS, TQQQ, EFA, SOXS, VIXY, EUO, UVXY, UCO, TMV, SQQQ, AGG","0%, 0%, 0%, 0%, 0%, 0%, 0%, 0%, 0%, 0%, 0%, 0%, 0%, 100.0%, 0%, 0%, 0%, 0%, 0%, 0%, 0%, 0%, 0%, 0%, 0%"
2022-06-06,"UPRO, TECS, EEM, SOXL, TMF, EPI, YCS, EWZ, VOO, UUP, DBC, SHY, ERX, TECL, SPXS, TQQQ, EFA, SOXS, VIXY, EUO, UVXY, UCO, TMV, SQQQ, AGG","0%, 0%, 0%, 0%, 0%, 0%, 0%, 0%, 0%, 0%, 0%, 0%, 0%, 0%, 0%, 100.0%, 0%, 0%, 0%, 0%, 0%, 0%, 0%, 0%, 0%"
2022-06-03,"UPRO, TECS, EEM, SOXL, TMF, EPI, YCS, EWZ, VOO, UUP, DBC, SHY, ERX, TECL, SPXS, TQQQ, EFA, SOXS, VIXY, EUO, UVXY, UCO, TMV, SQQQ, AGG","0%, 0%, 0%, 100.0%, 0%, 0%, 0%, 0%, 0%, 0%, 0%, 0%, 0%, 0%, 0%, 0%, 0%, 0%, 0%, 0%, 0%, 0%, 0%, 0%, 0%"
2022-06-02,"UPRO, TECS, EEM, SOXL, TMF, EPI, YCS, EWZ, VOO, UUP, DBC, SHY, ERX, TECL, SPXS, TQQQ, EFA, SOXS, VIXY, EUO, UVXY, UCO, TMV, SQQQ, AGG","0%, 0%, 0%, 0%, 0%, 0%, 0%, 0%, 0%, 0%, 0%, 0%, 0%, 0%, 0%, 0%, 0%, 0%, 0%, 0%, 0%, 0%, 100.0%, 0%, 0%"
2022-06-01,"UPRO, TECS, EEM, SOXL, TMF, EPI, YCS, EWZ, VOO, UUP, DBC, SHY, ERX, TECL, SPXS, TQQQ, EFA, SOXS, VIXY, EUO, UVXY, UCO, TMV, SQQQ, AGG","0%, 0%, 0%, 100.0%, 0%, 0%, 0%, 0%, 0%, 0%, 0%, 0%, 0%, 0%, 0%, 0%, 0%, 0%, 0%, 0%, 0%, 0%, 0%, 0%, 0%"
2022-05-31,"UPRO, TECS, EEM, SOXL, TMF, EPI, YCS, EWZ, VOO, UUP, DBC, SHY, ERX, TECL, SPXS, TQQQ, EFA, SOXS, VIXY, EUO, UVXY, UCO, TMV, SQQQ, AGG","0%, 0%, 0%, 0%, 0%, 0%, 100.0%, 0%, 0%, 0%, 0%, 0%, 0%, 0%, 0%, 0%, 0%, 0%, 0%, 0%, 0%, 0%, 0%, 0%, 0%"
2022-05-27,"UPRO, TECS, EEM, SOXL, TMF, EPI, YCS, EWZ, VOO, UUP, DBC, SHY, ERX, TECL, SPXS, TQQQ, EFA, SOXS, VIXY, EUO, UVXY, UCO, TMV, SQQQ, AGG","0%, 0%, 0%, 100.0%, 0%, 0%, 0%, 0%, 0%, 0%, 0%, 0%, 0%, 0%, 0%, 0%, 0%, 0%, 0%, 0%, 0%, 0%, 0%, 0%, 0%"
2022-05-26,"UPRO, TECS, EEM, SOXL, TMF, EPI, YCS, EWZ, VOO, UUP, DBC, SHY, ERX, TECL, SPXS, TQQQ, EFA, SOXS, VIXY, EUO, UVXY, UCO, TMV, SQQQ, AGG","0%, 0%, 0%, 0%, 0%, 0%, 0%, 100.0%, 0%, 0%, 0%, 0%, 0%, 0%, 0%, 0%, 0%, 0%, 0%, 0%, 0%, 0%, 0%, 0%, 0%"
2022-05-24,"UPRO, TECS, EEM, SOXL, TMF, EPI, YCS, EWZ, VOO, UUP, DBC, SHY, ERX, TECL, SPXS, TQQQ, EFA, SOXS, VIXY, EUO, UVXY, UCO, TMV, SQQQ, AGG","0%, 0%, 0%, 100.0%, 0%, 0%, 0%, 0%, 0%, 0%, 0%, 0%, 0%, 0%, 0%, 0%, 0%, 0%, 0%, 0%, 0%, 0%, 0%, 0%, 0%"
2022-05-17,"UPRO, TECS, EEM, SOXL, TMF, EPI, YCS, EWZ, VOO, UUP, DBC, SHY, ERX, TECL, SPXS, TQQQ, EFA, SOXS, VIXY, EUO, UVXY, UCO, TMV, SQQQ, AGG","0%, 0%, 0%, 0%, 0%, 0%, 0%, 100.0%, 0%, 0%, 0%, 0%, 0%, 0%, 0%, 0%, 0%, 0%, 0%, 0%, 0%, 0%, 0%, 0%, 0%"
2022-05-16,"UPRO, TECS, EEM, SOXL, TMF, EPI, YCS, EWZ, VOO, UUP, DBC, SHY, ERX, TECL, SPXS, TQQQ, EFA, SOXS, VIXY, EUO, UVXY, UCO, TMV, SQQQ, AGG","0%, 0%, 0%, 100.0%, 0%, 0%, 0%, 0%, 0%, 0%, 0%, 0%, 0%, 0%, 0%, 0%, 0%, 0%, 0%, 0%, 0%, 0%, 0%, 0%, 0%"
2022-05-13,"UPRO, TECS, EEM, SOXL, TMF, EPI, YCS, EWZ, VOO, UUP, DBC, SHY, ERX, TECL, SPXS, TQQQ, EFA, SOXS, VIXY, EUO, UVXY, UCO, TMV, SQQQ, AGG","0%, 100.0%, 0%, 0%, 0%, 0%, 0%, 0%, 0%, 0%, 0%, 0%, 0%, 0%, 0%, 0%, 0%, 0%, 0%, 0%, 0%, 0%, 0%, 0%, 0%"
2022-05-12,"UPRO, TECS, EEM, SOXL, TMF, EPI, YCS, EWZ, VOO, UUP, DBC, SHY, ERX, TECL, SPXS, TQQQ, EFA, SOXS, VIXY, EUO, UVXY, UCO, TMV, SQQQ, AGG","0%, 0%, 0%, 0%, 0%, 0%, 0%, 0%, 0%, 0%, 0%, 0%, 0%, 100.0%, 0%, 0%, 0%, 0%, 0%, 0%, 0%, 0%, 0%, 0%, 0%"
2022-05-11,"UPRO, TECS, EEM, SOXL, TMF, EPI, YCS, EWZ, VOO, UUP, DBC, SHY, ERX, TECL, SPXS, TQQQ, EFA, SOXS, VIXY, EUO, UVXY, UCO, TMV, SQQQ, AGG","0%, 0%, 0%, 100.0%, 0%, 0%, 0%, 0%, 0%, 0%, 0%, 0%, 0%, 0%, 0%, 0%, 0%, 0%, 0%, 0%, 0%, 0%, 0%, 0%, 0%"
2022-05-09,"UPRO, TECS, EEM, SOXL, TMF, EPI, YCS, EWZ, VOO, UUP, DBC, SHY, ERX, TECL, SPXS, TQQQ, EFA, SOXS, VIXY, EUO, UVXY, UCO, TMV, SQQQ, AGG","0%, 100.0%, 0%, 0%, 0%, 0%, 0%, 0%, 0%, 0%, 0%, 0%, 0%, 0%, 0%, 0%, 0%, 0%, 0%, 0%, 0%, 0%, 0%, 0%, 0%"
2022-05-02,"UPRO, TECS, EEM, SOXL, TMF, EPI, YCS, EWZ, VOO, UUP, DBC, SHY, ERX, TECL, SPXS, TQQQ, EFA, SOXS, VIXY, EUO, UVXY, UCO, TMV, SQQQ, AGG","0%, 0%, 0%, 0%, 0%, 0%, 0%, 0%, 0%, 0%, 0%, 0%, 0%, 0%, 0%, 0%, 0%, 0%, 0%, 0%, 0%, 0%, 100.0%, 0%, 0%"
2022-04-29,"UPRO, TECS, EEM, SOXL, TMF, EPI, YCS, EWZ, VOO, UUP, DBC, SHY, ERX, TECL, SPXS, TQQQ, EFA, SOXS, VIXY, EUO, UVXY, UCO, TMV, SQQQ, AGG","0%, 0%, 0%, 0%, 0%, 0%, 0%, 0%, 0%, 0%, 0%, 0%, 0%, 0%, 0%, 0%, 0%, 0%, 0%, 100.0%, 0%, 0%, 0%, 0%, 0%"
2022-04-28,"UPRO, TECS, EEM, SOXL, TMF, EPI, YCS, EWZ, VOO, UUP, DBC, SHY, ERX, TECL, SPXS, TQQQ, EFA, SOXS, VIXY, EUO, UVXY, UCO, TMV, SQQQ, AGG","0%, 0%, 0%, 0%, 0%, 0%, 0%, 0%, 0%, 0%, 0%, 0%, 0%, 0%, 0%, 0%, 0%, 100.0%, 0%, 0%, 0%, 0%, 0%, 0%, 0%"
2022-04-26,"UPRO, TECS, EEM, SOXL, TMF, EPI, YCS, EWZ, VOO, UUP, DBC, SHY, ERX, TECL, SPXS, TQQQ, EFA, SOXS, VIXY, EUO, UVXY, UCO, TMV, SQQQ, AGG","0%, 0%, 0%, 100.0%, 0%, 0%, 0%, 0%, 0%, 0%, 0%, 0%, 0%, 0%, 0%, 0%, 0%, 0%, 0%, 0%, 0%, 0%, 0%, 0%, 0%"
2022-04-25,"UPRO, TECS, EEM, SOXL, TMF, EPI, YCS, EWZ, VOO, UUP, DBC, SHY, ERX, TECL, SPXS, TQQQ, EFA, SOXS, VIXY, EUO, UVXY, UCO, TMV, SQQQ, AGG","0%, 0%, 0%, 0%, 0%, 0%, 0%, 0%, 0%, 0%, 0%, 0%, 0%, 0%, 0%, 0%, 0%, 0%, 0%, 0%, 0%, 100.0%, 0%, 0%, 0%"
2022-04-22,"UPRO, TECS, EEM, SOXL, TMF, EPI, YCS, EWZ, VOO, UUP, DBC, SHY, ERX, TECL, SPXS, TQQQ, EFA, SOXS, VIXY, EUO, UVXY, UCO, TMV, SQQQ, AGG","0%, 0%, 0%, 0%, 0%, 0%, 0%, 0%, 0%, 0%, 0%, 0%, 0%, 0%, 0%, 0%, 0%, 100.0%, 0%, 0%, 0%, 0%, 0%, 0%, 0%"
2022-04-21,"UPRO, TECS, EEM, SOXL, TMF, EPI, YCS, EWZ, VOO, UUP, DBC, SHY, ERX, TECL, SPXS, TQQQ, EFA, SOXS, VIXY, EUO, UVXY, UCO, TMV, SQQQ, AGG","0%, 0%, 100.0%, 0%, 0%, 0%, 0%, 0%, 0%, 0%, 0%, 0%, 0%, 0%, 0%, 0%, 0%, 0%, 0%, 0%, 0%, 0%, 0%, 0%, 0%"
2022-04-19,"UPRO, TECS, EEM, SOXL, TMF, EPI, YCS, EWZ, VOO, UUP, DBC, SHY, ERX, TECL, SPXS, TQQQ, EFA, SOXS, VIXY, EUO, UVXY, UCO, TMV, SQQQ, AGG","0%, 0%, 0%, 0%, 0%, 0%, 0%, 0%, 0%, 0%, 0%, 0%, 0%, 0%, 0%, 0%, 0%, 100.0%, 0%, 0%, 0%, 0%, 0%, 0%, 0%"
2022-04-18,"UPRO, TECS, EEM, SOXL, TMF, EPI, YCS, EWZ, VOO, UUP, DBC, SHY, ERX, TECL, SPXS, TQQQ, EFA, SOXS, VIXY, EUO, UVXY, UCO, TMV, SQQQ, AGG","0%, 0%, 0%, 0%, 0%, 0%, 0%, 0%, 0%, 0%, 0%, 0%, 0%, 0%, 0%, 0%, 100.0%, 0%, 0%, 0%, 0%, 0%, 0%, 0%, 0%"
2022-04-12,"UPRO, TECS, EEM, SOXL, TMF, EPI, YCS, EWZ, VOO, UUP, DBC, SHY, ERX, TECL, SPXS, TQQQ, EFA, SOXS, VIXY, EUO, UVXY, UCO, TMV, SQQQ, AGG","0%, 0%, 100.0%, 0%, 0%, 0%, 0%, 0%, 0%, 0%, 0%, 0%, 0%, 0%, 0%, 0%, 0%, 0%, 0%, 0%, 0%, 0%, 0%, 0%, 0%"
2022-04-11,"UPRO, TECS, EEM, SOXL, TMF, EPI, YCS, EWZ, VOO, UUP, DBC, SHY, ERX, TECL, SPXS, TQQQ, EFA, SOXS, VIXY, EUO, UVXY, UCO, TMV, SQQQ, AGG","0%, 0%, 0%, 0%, 0%, 0%, 0%, 0%, 0%, 0%, 0%, 0%, 0%, 0%, 0%, 0%, 0%, 0%, 0%, 0%, 0%, 100.0%, 0%, 0%, 0%"
2022-04-08,"UPRO, TECS, EEM, SOXL, TMF, EPI, YCS, EWZ, VOO, UUP, DBC, SHY, ERX, TECL, SPXS, TQQQ, EFA, SOXS, VIXY, EUO, UVXY, UCO, TMV, SQQQ, AGG","0%, 0%, 100.0%, 0%, 0%, 0%, 0%, 0%, 0%, 0%, 0%, 0%, 0%, 0%, 0%, 0%, 0%, 0%, 0%, 0%, 0%, 0%, 0%, 0%, 0%"
2022-04-07,"UPRO, TECS, EEM, SOXL, TMF, EPI, YCS, EWZ, VOO, UUP, DBC, SHY, ERX, TECL, SPXS, TQQQ, EFA, SOXS, VIXY, EUO, UVXY, UCO, TMV, SQQQ, AGG","0%, 0%, 0%, 0%, 0%, 0%, 0%, 0%, 0%, 0%, 0%, 0%, 0%, 0%, 0%, 0%, 100.0%, 0%, 0%, 0%, 0%, 0%, 0%, 0%, 0%"
2022-04-06,"UPRO, TECS, EEM, SOXL, TMF, EPI, YCS, EWZ, VOO, UUP, DBC, SHY, ERX, TECL, SPXS, TQQQ, EFA, SOXS, VIXY, EUO, UVXY, UCO, TMV, SQQQ, AGG","0%, 0%, 0%, 0%, 0%, 0%, 0%, 0%, 0%, 0%, 0%, 0%, 0%, 0%, 0%, 0%, 0%, 0%, 0%, 0%, 0%, 100.0%, 0%, 0%, 0%"
2022-04-05,"UPRO, TECS, EEM, SOXL, TMF, EPI, YCS, EWZ, VOO, UUP, DBC, SHY, ERX, TECL, SPXS, TQQQ, EFA, SOXS, VIXY, EUO, UVXY, UCO, TMV, SQQQ, AGG","0%, 0%, 0%, 0%, 0%, 0%, 0%, 0%, 0%, 0%, 0%, 0%, 0%, 0%, 0%, 0%, 100.0%, 0%, 0%, 0%, 0%, 0%, 0%, 0%, 0%"
2022-04-04,"UPRO, TECS, EEM, SOXL, TMF, EPI, YCS, EWZ, VOO, UUP, DBC, SHY, ERX, TECL, SPXS, TQQQ, EFA, SOXS, VIXY, EUO, UVXY, UCO, TMV, SQQQ, AGG","0%, 0%, 0%, 0%, 0%, 0%, 0%, 0%, 0%, 0%, 0%, 0%, 0%, 0%, 0%, 0%, 0%, 0%, 0%, 0%, 0%, 0%, 100.0%, 0%, 0%"
2022-03-31,"UPRO, TECS, EEM, SOXL, TMF, EPI, YCS, EWZ, VOO, UUP, DBC, SHY, ERX, TECL, SPXS, TQQQ, EFA, SOXS, VIXY, EUO, UVXY, UCO, TMV, SQQQ, AGG","0%, 0%, 0%, 0%, 0%, 0%, 0%, 0%, 0%, 0%, 0%, 0%, 0%, 0%, 0%, 0%, 0%, 0%, 0%, 0%, 0%, 100.0%, 0%, 0%, 0%"
2022-03-29,"UPRO, TECS, EEM, SOXL, TMF, EPI, YCS, EWZ, VOO, UUP, DBC, SHY, ERX, TECL, SPXS, TQQQ, EFA, SOXS, VIXY, EUO, UVXY, UCO, TMV, SQQQ, AGG","0%, 0%, 0%, 0%, 0%, 0%, 0%, 0%, 0%, 0%, 0%, 0%, 0%, 0%, 0%, 0%, 0%, 100.0%, 0%, 0%, 0%, 0%, 0%, 0%, 0%"
2022-03-28,"UPRO, TECS, EEM, SOXL, TMF, EPI, YCS, EWZ, VOO, UUP, DBC, SHY, ERX, TECL, SPXS, TQQQ, EFA, SOXS, VIXY, EUO, UVXY, UCO, TMV, SQQQ, AGG","0%, 0%, 0%, 0%, 0%, 0%, 0%, 0%, 0%, 0%, 0%, 0%, 0%, 0%, 0%, 0%, 0%, 0%, 0%, 0%, 0%, 100.0%, 0%, 0%, 0%"
2022-03-24,"UPRO, TECS, EEM, SOXL, TMF, EPI, YCS, EWZ, VOO, UUP, DBC, SHY, ERX, TECL, SPXS, TQQQ, EFA, SOXS, VIXY, EUO, UVXY, UCO, TMV, SQQQ, AGG","0%, 0%, 0%, 0%, 0%, 0%, 0%, 0%, 0%, 0%, 0%, 0%, 0%, 0%, 0%, 0%, 0%, 100.0%, 0%, 0%, 0%, 0%, 0%, 0%, 0%"
2022-03-23,"UPRO, TECS, EEM, SOXL, TMF, EPI, YCS, EWZ, VOO, UUP, DBC, SHY, ERX, TECL, SPXS, TQQQ, EFA, SOXS, VIXY, EUO, UVXY, UCO, TMV, SQQQ, AGG","0%, 0%, 0%, 0%, 0%, 0%, 0%, 0%, 0%, 0%, 0%, 0%, 0%, 0%, 100.0%, 0%, 0%, 0%, 0%, 0%, 0%, 0%, 0%, 0%, 0%"
2022-03-16,"UPRO, TECS, EEM, SOXL, TMF, EPI, YCS, EWZ, VOO, UUP, DBC, SHY, ERX, TECL, SPXS, TQQQ, EFA, SOXS, VIXY, EUO, UVXY, UCO, TMV, SQQQ, AGG","0%, 0%, 0%, 0%, 0%, 0%, 0%, 0%, 0%, 0%, 100.0%, 0%, 0%, 0%, 0%, 0%, 0%, 0%, 0%, 0%, 0%, 0%, 0%, 0%, 0%"
2022-03-14,"UPRO, TECS, EEM, SOXL, TMF, EPI, YCS, EWZ, VOO, UUP, DBC, SHY, ERX, TECL, SPXS, TQQQ, EFA, SOXS, VIXY, EUO, UVXY, UCO, TMV, SQQQ, AGG","0%, 0%, 0%, 0%, 0%, 0%, 0%, 0%, 0%, 0%, 0%, 0%, 0%, 0%, 0%, 0%, 0%, 0%, 0%, 0%, 0%, 0%, 100.0%, 0%, 0%"
2022-03-11,"UPRO, TECS, EEM, SOXL, TMF, EPI, YCS, EWZ, VOO, UUP, DBC, SHY, ERX, TECL, SPXS, TQQQ, EFA, SOXS, VIXY, EUO, UVXY, UCO, TMV, SQQQ, AGG","0%, 0%, 0%, 100.0%, 0%, 0%, 0%, 0%, 0%, 0%, 0%, 0%, 0%, 0%, 0%, 0%, 0%, 0%, 0%, 0%, 0%, 0%, 0%, 0%, 0%"
2022-03-09,"UPRO, TECS, EEM, SOXL, TMF, EPI, YCS, EWZ, VOO, UUP, DBC, SHY, ERX, TECL, SPXS, TQQQ, EFA, SOXS, VIXY, EUO, UVXY, UCO, TMV, SQQQ, AGG","0%, 0%, 0%, 0%, 0%, 0%, 0%, 0%, 0%, 0%, 0%, 0%, 0%, 0%, 0%, 0%, 0%, 0%, 0%, 0%, 0%, 0%, 100.0%, 0%, 0%"
2022-03-08,"UPRO, TECS, EEM, SOXL, TMF, EPI, YCS, EWZ, VOO, UUP, DBC, SHY, ERX, TECL, SPXS, TQQQ, EFA, SOXS, VIXY, EUO, UVXY, UCO, TMV, SQQQ, AGG","0%, 0%, 0%, 0%, 0%, 0%, 0%, 0%, 0%, 0%, 0%, 0%, 0%, 100.0%, 0%, 0%, 0%, 0%, 0%, 0%, 0%, 0%, 0%, 0%, 0%"
2022-03-07,"UPRO, TECS, EEM, SOXL, TMF, EPI, YCS, EWZ, VOO, UUP, DBC, SHY, ERX, TECL, SPXS, TQQQ, EFA, SOXS, VIXY, EUO, UVXY, UCO, TMV, SQQQ, AGG","0%, 0%, 0%, 0%, 0%, 100.0%, 0%, 0%, 0%, 0%, 0%, 0%, 0%, 0%, 0%, 0%, 0%, 0%, 0%, 0%, 0%, 0%, 0%, 0%, 0%"
2022-03-04,"UPRO, TECS, EEM, SOXL, TMF, EPI, YCS, EWZ, VOO, UUP, DBC, SHY, ERX, TECL, SPXS, TQQQ, EFA, SOXS, VIXY, EUO, UVXY, UCO, TMV, SQQQ, AGG","0%, 0%, 0%, 100.0%, 0%, 0%, 0%, 0%, 0%, 0%, 0%, 0%, 0%, 0%, 0%, 0%, 0%, 0%, 0%, 0%, 0%, 0%, 0%, 0%, 0%"
2022-03-03,"UPRO, TECS, EEM, SOXL, TMF, EPI, YCS, EWZ, VOO, UUP, DBC, SHY, ERX, TECL, SPXS, TQQQ, EFA, SOXS, VIXY, EUO, UVXY, UCO, TMV, SQQQ, AGG","0%, 0%, 0%, 0%, 0%, 0%, 0%, 100.0%, 0%, 0%, 0%, 0%, 0%, 0%, 0%, 0%, 0%, 0%, 0%, 0%, 0%, 0%, 0%, 0%, 0%"
2022-02-24,"UPRO, TECS, EEM, SOXL, TMF, EPI, YCS, EWZ, VOO, UUP, DBC, SHY, ERX, TECL, SPXS, TQQQ, EFA, SOXS, VIXY, EUO, UVXY, UCO, TMV, SQQQ, AGG","0%, 0%, 0%, 100.0%, 0%, 0%, 0%, 0%, 0%, 0%, 0%, 0%, 0%, 0%, 0%, 0%, 0%, 0%, 0%, 0%, 0%, 0%, 0%, 0%, 0%"
2022-02-23,"UPRO, TECS, EEM, SOXL, TMF, EPI, YCS, EWZ, VOO, UUP, DBC, SHY, ERX, TECL, SPXS, TQQQ, EFA, SOXS, VIXY, EUO, UVXY, UCO, TMV, SQQQ, AGG","0%, 0%, 0%, 0%, 0%, 0%, 0%, 0%, 0%, 0%, 0%, 0%, 0%, 100.0%, 0%, 0%, 0%, 0%, 0%, 0%, 0%, 0%, 0%, 0%, 0%"
2022-02-18,"UPRO, TECS, EEM, SOXL, TMF, EPI, YCS, EWZ, VOO, UUP, DBC, SHY, ERX, TECL, SPXS, TQQQ, EFA, SOXS, VIXY, EUO, UVXY, UCO, TMV, SQQQ, AGG","0%, 100.0%, 0%, 0%, 0%, 0%, 0%, 0%, 0%, 0%, 0%, 0%, 0%, 0%, 0%, 0%, 0%, 0%, 0%, 0%, 0%, 0%, 0%, 0%, 0%"
2022-02-17,"UPRO, TECS, EEM, SOXL, TMF, EPI, YCS, EWZ, VOO, UUP, DBC, SHY, ERX, TECL, SPXS, TQQQ, EFA, SOXS, VIXY, EUO, UVXY, UCO, TMV, SQQQ, AGG","0%, 0%, 0%, 100.0%, 0%, 0%, 0%, 0%, 0%, 0%, 0%, 0%, 0%, 0%, 0%, 0%, 0%, 0%, 0%, 0%, 0%, 0%, 0%, 0%, 0%"
2022-02-16,"UPRO, TECS, EEM, SOXL, TMF, EPI, YCS, EWZ, VOO, UUP, DBC, SHY, ERX, TECL, SPXS, TQQQ, EFA, SOXS, VIXY, EUO, UVXY, UCO, TMV, SQQQ, AGG","0%, 100.0%, 0%, 0%, 0%, 0%, 0%, 0%, 0%, 0%, 0%, 0%, 0%, 0%, 0%, 0%, 0%, 0%, 0%, 0%, 0%, 0%, 0%, 0%, 0%"
2022-02-15,"UPRO, TECS, EEM, SOXL, TMF, EPI, YCS, EWZ, VOO, UUP, DBC, SHY, ERX, TECL, SPXS, TQQQ, EFA, SOXS, VIXY, EUO, UVXY, UCO, TMV, SQQQ, AGG","0%, 0%, 0%, 0%, 0%, 0%, 0%, 0%, 0%, 0%, 0%, 0%, 0%, 0%, 0%, 0%, 0%, 0%, 0%, 0%, 0%, 0%, 100.0%, 0%, 0%"
2022-02-11,"UPRO, TECS, EEM, SOXL, TMF, EPI, YCS, EWZ, VOO, UUP, DBC, SHY, ERX, TECL, SPXS, TQQQ, EFA, SOXS, VIXY, EUO, UVXY, UCO, TMV, SQQQ, AGG","0%, 0%, 0%, 100.0%, 0%, 0%, 0%, 0%, 0%, 0%, 0%, 0%, 0%, 0%, 0%, 0%, 0%, 0%, 0%, 0%, 0%, 0%, 0%, 0%, 0%"
2022-02-03,"UPRO, TECS, EEM, SOXL, TMF, EPI, YCS, EWZ, VOO, UUP, DBC, SHY, ERX, TECL, SPXS, TQQQ, EFA, SOXS, VIXY, EUO, UVXY, UCO, TMV, SQQQ, AGG","0%, 0%, 0%, 0%, 0%, 0%, 0%, 0%, 0%, 0%, 0%, 0%, 0%, 0%, 0%, 0%, 0%, 0%, 0%, 0%, 0%, 0%, 100.0%, 0%, 0%"
2022-01-31,"UPRO, TECS, EEM, SOXL, TMF, EPI, YCS, EWZ, VOO, UUP, DBC, SHY, ERX, TECL, SPXS, TQQQ, EFA, SOXS, VIXY, EUO, UVXY, UCO, TMV, SQQQ, AGG","0%, 0%, 0%, 0%, 0%, 0%, 0%, 100.0%, 0%, 0%, 0%, 0%, 0%, 0%, 0%, 0%, 0%, 0%, 0%, 0%, 0%, 0%, 0%, 0%, 0%"
2022-01-28,"UPRO, TECS, EEM, SOXL, TMF, EPI, YCS, EWZ, VOO, UUP, DBC, SHY, ERX, TECL, SPXS, TQQQ, EFA, SOXS, VIXY, EUO, UVXY, UCO, TMV, SQQQ, AGG","0%, 0%, 0%, 100.0%, 0%, 0%, 0%, 0%, 0%, 0%, 0%, 0%, 0%, 0%, 0%, 0%, 0%, 0%, 0%, 0%, 0%, 0%, 0%, 0%, 0%"
2022-01-27,"UPRO, TECS, EEM, SOXL, TMF, EPI, YCS, EWZ, VOO, UUP, DBC, SHY, ERX, TECL, SPXS, TQQQ, EFA, SOXS, VIXY, EUO, UVXY, UCO, TMV, SQQQ, AGG","0%, 0%, 0%, 0%, 0%, 0%, 0%, 0%, 0%, 0%, 0%, 0%, 0%, 100.0%, 0%, 0%, 0%, 0%, 0%, 0%, 0%, 0%, 0%, 0%, 0%"
2022-01-26,"UPRO, TECS, EEM, SOXL, TMF, EPI, YCS, EWZ, VOO, UUP, DBC, SHY, ERX, TECL, SPXS, TQQQ, EFA, SOXS, VIXY, EUO, UVXY, UCO, TMV, SQQQ, AGG","0%, 0%, 0%, 0%, 0%, 0%, 0%, 0%, 0%, 0%, 0%, 0%, 0%, 0%, 0%, 0%, 0%, 100.0%, 0%, 0%, 0%, 0%, 0%, 0%, 0%"
2022-01-25,"UPRO, TECS, EEM, SOXL, TMF, EPI, YCS, EWZ, VOO, UUP, DBC, SHY, ERX, TECL, SPXS, TQQQ, EFA, SOXS, VIXY, EUO, UVXY, UCO, TMV, SQQQ, AGG","0%, 0%, 0%, 100.0%, 0%, 0%, 0%, 0%, 0%, 0%, 0%, 0%, 0%, 0%, 0%, 0%, 0%, 0%, 0%, 0%, 0%, 0%, 0%, 0%, 0%"
2022-01-24,"UPRO, TECS, EEM, SOXL, TMF, EPI, YCS, EWZ, VOO, UUP, DBC, SHY, ERX, TECL, SPXS, TQQQ, EFA, SOXS, VIXY, EUO, UVXY, UCO, TMV, SQQQ, AGG","0%, 0%, 0%, 0%, 0%, 0%, 0%, 0%, 0%, 0%, 0%, 0%, 0%, 100.0%, 0%, 0%, 0%, 0%, 0%, 0%, 0%, 0%, 0%, 0%, 0%"
2022-01-21,"UPRO, TECS, EEM, SOXL, TMF, EPI, YCS, EWZ, VOO, UUP, DBC, SHY, ERX, TECL, SPXS, TQQQ, EFA, SOXS, VIXY, EUO, UVXY, UCO, TMV, SQQQ, AGG","0%, 0%, 0%, 100.0%, 0%, 0%, 0%, 0%, 0%, 0%, 0%, 0%, 0%, 0%, 0%, 0%, 0%, 0%, 0%, 0%, 0%, 0%, 0%, 0%, 0%"
2022-01-14,"UPRO, TECS, EEM, SOXL, TMF, EPI, YCS, EWZ, VOO, UUP, DBC, SHY, ERX, TECL, SPXS, TQQQ, EFA, SOXS, VIXY, EUO, UVXY, UCO, TMV, SQQQ, AGG","0%, 0%, 0%, 0%, 0%, 0%, 0%, 0%, 0%, 0%, 0%, 0%, 0%, 0%, 0%, 0%, 0%, 100.0%, 0%, 0%, 0%, 0%, 0%, 0%, 0%"
2022-01-12,"UPRO, TECS, EEM, SOXL, TMF, EPI, YCS, EWZ, VOO, UUP, DBC, SHY, ERX, TECL, SPXS, TQQQ, EFA, SOXS, VIXY, EUO, UVXY, UCO, TMV, SQQQ, AGG","0%, 0%, 0%, 0%, 0%, 0%, 0%, 100.0%, 0%, 0%, 0%, 0%, 0%, 0%, 0%, 0%, 0%, 0%, 0%, 0%, 0%, 0%, 0%, 0%, 0%"
2022-01-05,"UPRO, TECS, EEM, SOXL, TMF, EPI, YCS, EWZ, VOO, UUP, DBC, SHY, ERX, TECL, SPXS, TQQQ, EFA, SOXS, VIXY, EUO, UVXY, UCO, TMV, SQQQ, AGG","0%, 100.0%, 0%, 0%, 0%, 0%, 0%, 0%, 0%, 0%, 0%, 0%, 0%, 0%, 0%, 0%, 0%, 0%, 0%, 0%, 0%, 0%, 0%, 0%, 0%"
2022-01-04,"UPRO, TECS, EEM, SOXL, TMF, EPI, YCS, EWZ, VOO, UUP, DBC, SHY, ERX, TECL, SPXS, TQQQ, EFA, SOXS, VIXY, EUO, UVXY, UCO, TMV, SQQQ, AGG","0%, 0%, 0%, 0%, 0%, 0%, 0%, 0%, 0%, 0%, 0%, 0%, 0%, 0%, 0%, 0%, 0%, 0%, 0%, 0%, 0%, 0%, 100.0%, 0%, 0%"
2022-01-03,"UPRO, TECS, EEM, SOXL, TMF, EPI, YCS, EWZ, VOO, UUP, DBC, SHY, ERX, TECL, SPXS, TQQQ, EFA, SOXS, VIXY, EUO, UVXY, UCO, TMV, SQQQ, AGG","0%, 0%, 0%, 0%, 0%, 0%, 0%, 0%, 0%, 0%, 0%, 0%, 0%, 100.0%, 0%, 0%, 0%, 0%, 0%, 0%, 0%, 0%, 0%, 0%, 0%"
2021-12-31,"UPRO, TECS, EEM, SOXL, TMF, EPI, YCS, EWZ, VOO, UUP, DBC, SHY, ERX, TECL, SPXS, TQQQ, EFA, SOXS, VIXY, EUO, UVXY, UCO, TMV, SQQQ, AGG","0%, 0%, 0%, 0%, 0%, 0%, 0%, 0%, 0%, 0%, 0%, 0%, 0%, 0%, 0%, 100.0%, 0%, 0%, 0%, 0%, 0%, 0%, 0%, 0%, 0%"
2021-12-29,"UPRO, TECS, EEM, SOXL, TMF, EPI, YCS, EWZ, VOO, UUP, DBC, SHY, ERX, TECL, SPXS, TQQQ, EFA, SOXS, VIXY, EUO, UVXY, UCO, TMV, SQQQ, AGG","0%, 0%, 0%, 0%, 0%, 0%, 0%, 0%, 0%, 0%, 0%, 0%, 0%, 0%, 0%, 0%, 0%, 0%, 0%, 0%, 0%, 0%, 100.0%, 0%, 0%"
2021-12-28,"UPRO, TECS, EEM, SOXL, TMF, EPI, YCS, EWZ, VOO, UUP, DBC, SHY, ERX, TECL, SPXS, TQQQ, EFA, SOXS, VIXY, EUO, UVXY, UCO, TMV, SQQQ, AGG","0%, 0%, 0%, 100.0%, 0%, 0%, 0%, 0%, 0%, 0%, 0%, 0%, 0%, 0%, 0%, 0%, 0%, 0%, 0%, 0%, 0%, 0%, 0%, 0%, 0%"
2021-12-27,"UPRO, TECS, EEM, SOXL, TMF, EPI, YCS, EWZ, VOO, UUP, DBC, SHY, ERX, TECL, SPXS, TQQQ, EFA, SOXS, VIXY, EUO, UVXY, UCO, TMV, SQQQ, AGG","0%, 0%, 0%, 0%, 0%, 0%, 0%, 0%, 0%, 0%, 0%, 0%, 0%, 0%, 0%, 0%, 0%, 0%, 0%, 0%, 0%, 0%, 100.0%, 0%, 0%"
2021-12-16,"UPRO, TECS, EEM, SOXL, TMF, EPI, YCS, EWZ, VOO, UUP, DBC, SHY, ERX, TECL, SPXS, TQQQ, EFA, SOXS, VIXY, EUO, UVXY, UCO, TMV, SQQQ, AGG","0%, 0%, 0%, 100.0%, 0%, 0%, 0%, 0%, 0%, 0%, 0%, 0%, 0%, 0%, 0%, 0%, 0%, 0%, 0%, 0%, 0%, 0%, 0%, 0%, 0%"
2021-12-15,"UPRO, TECS, EEM, SOXL, TMF, EPI, YCS, EWZ, VOO, UUP, DBC, SHY, ERX, TECL, SPXS, TQQQ, EFA, SOXS, VIXY, EUO, UVXY, UCO, TMV, SQQQ, AGG","0%, 0%, 0%, 0%, 0%, 0%, 0%, 0%, 0%, 0%, 0%, 0%, 0%, 0%, 0%, 0%, 0%, 100.0%, 0%, 0%, 0%, 0%, 0%, 0%, 0%"
2021-12-13,"UPRO, TECS, EEM, SOXL, TMF, EPI, YCS, EWZ, VOO, UUP, DBC, SHY, ERX, TECL, SPXS, TQQQ, EFA, SOXS, VIXY, EUO, UVXY, UCO, TMV, SQQQ, AGG","0%, 0%, 0%, 100.0%, 0%, 0%, 0%, 0%, 0%, 0%, 0%, 0%, 0%, 0%, 0%, 0%, 0%, 0%, 0%, 0%, 0%, 0%, 0%, 0%, 0%"
2021-12-10,"UPRO, TECS, EEM, SOXL, TMF, EPI, YCS, EWZ, VOO, UUP, DBC, SHY, ERX, TECL, SPXS, TQQQ, EFA, SOXS, VIXY, EUO, UVXY, UCO, TMV, SQQQ, AGG","0%, 100.0%, 0%, 0%, 0%, 0%, 0%, 0%, 0%, 0%, 0%, 0%, 0%, 0%, 0%, 0%, 0%, 0%, 0%, 0%, 0%, 0%, 0%, 0%, 0%"
2021-12-09,"UPRO, TECS, EEM, SOXL, TMF, EPI, YCS, EWZ, VOO, UUP, DBC, SHY, ERX, TECL, SPXS, TQQQ, EFA, SOXS, VIXY, EUO, UVXY, UCO, TMV, SQQQ, AGG","0%, 0%, 0%, 100.0%, 0%, 0%, 0%, 0%, 0%, 0%, 0%, 0%, 0%, 0%, 0%, 0%, 0%, 0%, 0%, 0%, 0%, 0%, 0%, 0%, 0%"
2021-12-08,"UPRO, TECS, EEM, SOXL, TMF, EPI, YCS, EWZ, VOO, UUP, DBC, SHY, ERX, TECL, SPXS, TQQQ, EFA, SOXS, VIXY, EUO, UVXY, UCO, TMV, SQQQ, AGG","0%, 0%, 0%, 0%, 0%, 0%, 0%, 0%, 0%, 0%, 0%, 0%, 0%, 0%, 0%, 0%, 0%, 0%, 0%, 0%, 0%, 0%, 100.0%, 0%, 0%"
2021-11-26,"UPRO, TECS, EEM, SOXL, TMF, EPI, YCS, EWZ, VOO, UUP, DBC, SHY, ERX, TECL, SPXS, TQQQ, EFA, SOXS, VIXY, EUO, UVXY, UCO, TMV, SQQQ, AGG","0%, 0%, 0%, 100.0%, 0%, 0%, 0%, 0%, 0%, 0%, 0%, 0%, 0%, 0%, 0%, 0%, 0%, 0%, 0%, 0%, 0%, 0%, 0%, 0%, 0%"
2021-11-24,"UPRO, TECS, EEM, SOXL, TMF, EPI, YCS, EWZ, VOO, UUP, DBC, SHY, ERX, TECL, SPXS, TQQQ, EFA, SOXS, VIXY, EUO, UVXY, UCO, TMV, SQQQ, AGG","0%, 0%, 0%, 0%, 0%, 0%, 0%, 0%, 0%, 0%, 0%, 0%, 0%, 0%, 0%, 0%, 0%, 0%, 0%, 0%, 0%, 0%, 100.0%, 0%, 0%"
2021-11-23,"UPRO, TECS, EEM, SOXL, TMF, EPI, YCS, EWZ, VOO, UUP, DBC, SHY, ERX, TECL, SPXS, TQQQ, EFA, SOXS, VIXY, EUO, UVXY, UCO, TMV, SQQQ, AGG","0%, 0%, 0%, 100.0%, 0%, 0%, 0%, 0%, 0%, 0%, 0%, 0%, 0%, 0%, 0%, 0%, 0%, 0%, 0%, 0%, 0%, 0%, 0%, 0%, 0%"
2021-11-22,"UPRO, TECS, EEM, SOXL, TMF, EPI, YCS, EWZ, VOO, UUP, DBC, SHY, ERX, TECL, SPXS, TQQQ, EFA, SOXS, VIXY, EUO, UVXY, UCO, TMV, SQQQ, AGG","0%, 0%, 0%, 0%, 0%, 0%, 0%, 0%, 0%, 0%, 0%, 100.0%, 0%, 0%, 0%, 0%, 0%, 0%, 0%, 0%, 0%, 0%, 0%, 0%, 0%"
2021-11-19,"UPRO, TECS, EEM, SOXL, TMF, EPI, YCS, EWZ, VOO, UUP, DBC, SHY, ERX, TECL, SPXS, TQQQ, EFA, SOXS, VIXY, EUO, UVXY, UCO, TMV, SQQQ, AGG","0%, 0%, 0%, 100.0%, 0%, 0%, 0%, 0%, 0%, 0%, 0%, 0%, 0%, 0%, 0%, 0%, 0%, 0%, 0%, 0%, 0%, 0%, 0%, 0%, 0%"
2021-11-18,"UPRO, TECS, EEM, SOXL, TMF, EPI, YCS, EWZ, VOO, UUP, DBC, SHY, ERX, TECL, SPXS, TQQQ, EFA, SOXS, VIXY, EUO, UVXY, UCO, TMV, SQQQ, AGG","0%, 0%, 0%, 0%, 0%, 0%, 0%, 0%, 0%, 0%, 0%, 0%, 0%, 0%, 0%, 0%, 0%, 100.0%, 0%, 0%, 0%, 0%, 0%, 0%, 0%"
2021-11-17,"UPRO, TECS, EEM, SOXL, TMF, EPI, YCS, EWZ, VOO, UUP, DBC, SHY, ERX, TECL, SPXS, TQQQ, EFA, SOXS, VIXY, EUO, UVXY, UCO, TMV, SQQQ, AGG","0%, 0%, 0%, 100.0%, 0%, 0%, 0%, 0%, 0%, 0%, 0%, 0%, 0%, 0%, 0%, 0%, 0%, 0%, 0%, 0%, 0%, 0%, 0%, 0%, 0%"
2021-11-12,"UPRO, TECS, EEM, SOXL, TMF, EPI, YCS, EWZ, VOO, UUP, DBC, SHY, ERX, TECL, SPXS, TQQQ, EFA, SOXS, VIXY, EUO, UVXY, UCO, TMV, SQQQ, AGG","0%, 0%, 0%, 0%, 0%, 0%, 0%, 0%, 0%, 0%, 0%, 0%, 0%, 0%, 0%, 0%, 0%, 100.0%, 0%, 0%, 0%, 0%, 0%, 0%, 0%"
2021-11-11,"UPRO, TECS, EEM, SOXL, TMF, EPI, YCS, EWZ, VOO, UUP, DBC, SHY, ERX, TECL, SPXS, TQQQ, EFA, SOXS, VIXY, EUO, UVXY, UCO, TMV, SQQQ, AGG","0%, 0%, 0%, 0%, 0%, 0%, 0%, 0%, 0%, 0%, 0%, 100.0%, 0%, 0%, 0%, 0%, 0%, 0%, 0%, 0%, 0%, 0%, 0%, 0%, 0%"
2021-11-10,"UPRO, TECS, EEM, SOXL, TMF, EPI, YCS, EWZ, VOO, UUP, DBC, SHY, ERX, TECL, SPXS, TQQQ, EFA, SOXS, VIXY, EUO, UVXY, UCO, TMV, SQQQ, AGG","0%, 0%, 0%, 100.0%, 0%, 0%, 0%, 0%, 0%, 0%, 0%, 0%, 0%, 0%, 0%, 0%, 0%, 0%, 0%, 0%, 0%, 0%, 0%, 0%, 0%"
2021-11-09,"UPRO, TECS, EEM, SOXL, TMF, EPI, YCS, EWZ, VOO, UUP, DBC, SHY, ERX, TECL, SPXS, TQQQ, EFA, SOXS, VIXY, EUO, UVXY, UCO, TMV, SQQQ, AGG","0%, 0%, 0%, 0%, 0%, 0%, 0%, 0%, 0%, 0%, 0%, 0%, 0%, 0%, 0%, 0%, 0%, 0%, 0%, 0%, 100.0%, 0%, 0%, 0%, 0%"
2021-11-08,"UPRO, TECS, EEM, SOXL, TMF, EPI, YCS, EWZ, VOO, UUP, DBC, SHY, ERX, TECL, SPXS, TQQQ, EFA, SOXS, VIXY, EUO, UVXY, UCO, TMV, SQQQ, AGG","0%, 100.0%, 0%, 0%, 0%, 0%, 0%, 0%, 0%, 0%, 0%, 0%, 0%, 0%, 0%, 0%, 0%, 0%, 0%, 0%, 0%, 0%, 0%, 0%, 0%"
2021-11-02,"UPRO, TECS, EEM, SOXL, TMF, EPI, YCS, EWZ, VOO, UUP, DBC, SHY, ERX, TECL, SPXS, TQQQ, EFA, SOXS, VIXY, EUO, UVXY, UCO, TMV, SQQQ, AGG","0%, 0%, 0%, 0%, 0%, 0%, 0%, 0%, 0%, 0%, 0%, 0%, 0%, 0%, 0%, 0%, 0%, 0%, 0%, 0%, 100.0%, 0%, 0%, 0%, 0%"
2021-11-01,"UPRO, TECS, EEM, SOXL, TMF, EPI, YCS, EWZ, VOO, UUP, DBC, SHY, ERX, TECL, SPXS, TQQQ, EFA, SOXS, VIXY, EUO, UVXY, UCO, TMV, SQQQ, AGG","0%, 0%, 0%, 0%, 0%, 0%, 0%, 0%, 0%, 0%, 0%, 0%, 0%, 0%, 100.0%, 0%, 0%, 0%, 0%, 0%, 0%, 0%, 0%, 0%, 0%"
2021-10-28,"UPRO, TECS, EEM, SOXL, TMF, EPI, YCS, EWZ, VOO, UUP, DBC, SHY, ERX, TECL, SPXS, TQQQ, EFA, SOXS, VIXY, EUO, UVXY, UCO, TMV, SQQQ, AGG","0%, 100.0%, 0%, 0%, 0%, 0%, 0%, 0%, 0%, 0%, 0%, 0%, 0%, 0%, 0%, 0%, 0%, 0%, 0%, 0%, 0%, 0%, 0%, 0%, 0%"
2021-10-27,"UPRO, TECS, EEM, SOXL, TMF, EPI, YCS, EWZ, VOO, UUP, DBC, SHY, ERX, TECL, SPXS, TQQQ, EFA, SOXS, VIXY, EUO, UVXY, UCO, TMV, SQQQ, AGG","0%, 0%, 0%, 100.0%, 0%, 0%, 0%, 0%, 0%, 0%, 0%, 0%, 0%, 0%, 0%, 0%, 0%, 0%, 0%, 0%, 0%, 0%, 0%, 0%, 0%"
2021-10-26,"UPRO, TECS, EEM, SOXL, TMF, EPI, YCS, EWZ, VOO, UUP, DBC, SHY, ERX, TECL, SPXS, TQQQ, EFA, SOXS, VIXY, EUO, UVXY, UCO, TMV, SQQQ, AGG","0%, 0%, 0%, 0%, 0%, 0%, 0%, 0%, 0%, 0%, 0%, 0%, 0%, 0%, 0%, 0%, 0%, 0%, 0%, 0%, 100.0%, 0%, 0%, 0%, 0%"
2021-10-25,"UPRO, TECS, EEM, SOXL, TMF, EPI, YCS, EWZ, VOO, UUP, DBC, SHY, ERX, TECL, SPXS, TQQQ, EFA, SOXS, VIXY, EUO, UVXY, UCO, TMV, SQQQ, AGG","0%, 0%, 0%, 0%, 0%, 0%, 0%, 0%, 0%, 0%, 0%, 0%, 0%, 100.0%, 0%, 0%, 0%, 0%, 0%, 0%, 0%, 0%, 0%, 0%, 0%"
2021-10-22,"UPRO, TECS, EEM, SOXL, TMF, EPI, YCS, EWZ, VOO, UUP, DBC, SHY, ERX, TECL, SPXS, TQQQ, EFA, SOXS, VIXY, EUO, UVXY, UCO, TMV, SQQQ, AGG","0%, 0%, 0%, 0%, 0%, 0%, 0%, 0%, 0%, 0%, 0%, 0%, 0%, 0%, 0%, 0%, 0%, 0%, 0%, 0%, 0%, 0%, 100.0%, 0%, 0%"
2021-10-21,"UPRO, TECS, EEM, SOXL, TMF, EPI, YCS, EWZ, VOO, UUP, DBC, SHY, ERX, TECL, SPXS, TQQQ, EFA, SOXS, VIXY, EUO, UVXY, UCO, TMV, SQQQ, AGG","0%, 0%, 0%, 0%, 0%, 0%, 0%, 0%, 0%, 0%, 0%, 0%, 0%, 0%, 0%, 0%, 0%, 100.0%, 0%, 0%, 0%, 0%, 0%, 0%, 0%"
2021-10-15,"UPRO, TECS, EEM, SOXL, TMF, EPI, YCS, EWZ, VOO, UUP, DBC, SHY, ERX, TECL, SPXS, TQQQ, EFA, SOXS, VIXY, EUO, UVXY, UCO, TMV, SQQQ, AGG","0%, 0%, 0%, 0%, 0%, 0%, 0%, 0%, 0%, 0%, 0%, 0%, 0%, 0%, 0%, 0%, 0%, 0%, 0%, 0%, 0%, 0%, 100.0%, 0%, 0%"
2021-10-12,"UPRO, TECS, EEM, SOXL, TMF, EPI, YCS, EWZ, VOO, UUP, DBC, SHY, ERX, TECL, SPXS, TQQQ, EFA, SOXS, VIXY, EUO, UVXY, UCO, TMV, SQQQ, AGG","0%, 0%, 0%, 100.0%, 0%, 0%, 0%, 0%, 0%, 0%, 0%, 0%, 0%, 0%, 0%, 0%, 0%, 0%, 0%, 0%, 0%, 0%, 0%, 0%, 0%"
2021-10-11,"UPRO, TECS, EEM, SOXL, TMF, EPI, YCS, EWZ, VOO, UUP, DBC, SHY, ERX, TECL, SPXS, TQQQ, EFA, SOXS, VIXY, EUO, UVXY, UCO, TMV, SQQQ, AGG","0%, 0%, 0%, 0%, 0%, 0%, 0%, 0%, 0%, 0%, 0%, 0%, 0%, 0%, 0%, 0%, 0%, 100.0%, 0%, 0%, 0%, 0%, 0%, 0%, 0%"
2021-10-07,"UPRO, TECS, EEM, SOXL, TMF, EPI, YCS, EWZ, VOO, UUP, DBC, SHY, ERX, TECL, SPXS, TQQQ, EFA, SOXS, VIXY, EUO, UVXY, UCO, TMV, SQQQ, AGG","0%, 0%, 0%, 0%, 0%, 0%, 0%, 0%, 0%, 0%, 0%, 0%, 0%, 0%, 100.0%, 0%, 0%, 0%, 0%, 0%, 0%, 0%, 0%, 0%, 0%"
2021-10-06,"UPRO, TECS, EEM, SOXL, TMF, EPI, YCS, EWZ, VOO, UUP, DBC, SHY, ERX, TECL, SPXS, TQQQ, EFA, SOXS, VIXY, EUO, UVXY, UCO, TMV, SQQQ, AGG","0%, 0%, 0%, 100.0%, 0%, 0%, 0%, 0%, 0%, 0%, 0%, 0%, 0%, 0%, 0%, 0%, 0%, 0%, 0%, 0%, 0%, 0%, 0%, 0%, 0%"
2021-10-05,"UPRO, TECS, EEM, SOXL, TMF, EPI, YCS, EWZ, VOO, UUP, DBC, SHY, ERX, TECL, SPXS, TQQQ, EFA, SOXS, VIXY, EUO, UVXY, UCO, TMV, SQQQ, AGG","0%, 0%, 0%, 0%, 0%, 0%, 0%, 0%, 0%, 0%, 0%, 0%, 0%, 0%, 0%, 0%, 0%, 100.0%, 0%, 0%, 0%, 0%, 0%, 0%, 0%"
2021-10-01,"UPRO, TECS, EEM, SOXL, TMF, EPI, YCS, EWZ, VOO, UUP, DBC, SHY, ERX, TECL, SPXS, TQQQ, EFA, SOXS, VIXY, EUO, UVXY, UCO, TMV, SQQQ, AGG","0%, 0%, 0%, 100.0%, 0%, 0%, 0%, 0%, 0%, 0%, 0%, 0%, 0%, 0%, 0%, 0%, 0%, 0%, 0%, 0%, 0%, 0%, 0%, 0%, 0%"
2021-09-30,"UPRO, TECS, EEM, SOXL, TMF, EPI, YCS, EWZ, VOO, UUP, DBC, SHY, ERX, TECL, SPXS, TQQQ, EFA, SOXS, VIXY, EUO, UVXY, UCO, TMV, SQQQ, AGG","0%, 0%, 0%, 0%, 0%, 0%, 0%, 0%, 0%, 0%, 0%, 0%, 0%, 100.0%, 0%, 0%, 0%, 0%, 0%, 0%, 0%, 0%, 0%, 0%, 0%"
2021-09-28,"UPRO, TECS, EEM, SOXL, TMF, EPI, YCS, EWZ, VOO, UUP, DBC, SHY, ERX, TECL, SPXS, TQQQ, EFA, SOXS, VIXY, EUO, UVXY, UCO, TMV, SQQQ, AGG","0%, 0%, 0%, 0%, 0%, 0%, 0%, 0%, 0%, 0%, 0%, 0%, 0%, 0%, 0%, 0%, 100.0%, 0%, 0%, 0%, 0%, 0%, 0%, 0%, 0%"
2021-09-24,"UPRO, TECS, EEM, SOXL, TMF, EPI, YCS, EWZ, VOO, UUP, DBC, SHY, ERX, TECL, SPXS, TQQQ, EFA, SOXS, VIXY, EUO, UVXY, UCO, TMV, SQQQ, AGG","0%, 0%, 0%, 0%, 0%, 0%, 0%, 0%, 0%, 0%, 0%, 0%, 0%, 0%, 0%, 100.0%, 0%, 0%, 0%, 0%, 0%, 0%, 0%, 0%, 0%"
2021-09-23,"UPRO, TECS, EEM, SOXL, TMF, EPI, YCS, EWZ, VOO, UUP, DBC, SHY, ERX, TECL, SPXS, TQQQ, EFA, SOXS, VIXY, EUO, UVXY, UCO, TMV, SQQQ, AGG","0%, 0%, 0%, 0%, 0%, 0%, 0%, 0%, 0%, 0%, 0%, 100.0%, 0%, 0%, 0%, 0%, 0%, 0%, 0%, 0%, 0%, 0%, 0%, 0%, 0%"
2021-09-21,"UPRO, TECS, EEM, SOXL, TMF, EPI, YCS, EWZ, VOO, UUP, DBC, SHY, ERX, TECL, SPXS, TQQQ, EFA, SOXS, VIXY, EUO, UVXY, UCO, TMV, SQQQ, AGG","0%, 0%, 0%, 100.0%, 0%, 0%, 0%, 0%, 0%, 0%, 0%, 0%, 0%, 0%, 0%, 0%, 0%, 0%, 0%, 0%, 0%, 0%, 0%, 0%, 0%"
2021-09-20,"UPRO, TECS, EEM, SOXL, TMF, EPI, YCS, EWZ, VOO, UUP, DBC, SHY, ERX, TECL, SPXS, TQQQ, EFA, SOXS, VIXY, EUO, UVXY, UCO, TMV, SQQQ, AGG","0%, 0%, 0%, 0%, 0%, 0%, 0%, 0%, 0%, 0%, 0%, 0%, 0%, 100.0%, 0%, 0%, 0%, 0%, 0%, 0%, 0%, 0%, 0%, 0%, 0%"
2021-09-17,"UPRO, TECS, EEM, SOXL, TMF, EPI, YCS, EWZ, VOO, UUP, DBC, SHY, ERX, TECL, SPXS, TQQQ, EFA, SOXS, VIXY, EUO, UVXY, UCO, TMV, SQQQ, AGG","0%, 0%, 0%, 0%, 0%, 0%, 0%, 0%, 0%, 0%, 0%, 0%, 0%, 0%, 0%, 100.0%, 0%, 0%, 0%, 0%, 0%, 0%, 0%, 0%, 0%"
2021-09-16,"UPRO, TECS, EEM, SOXL, TMF, EPI, YCS, EWZ, VOO, UUP, DBC, SHY, ERX, TECL, SPXS, TQQQ, EFA, SOXS, VIXY, EUO, UVXY, UCO, TMV, SQQQ, AGG","0%, 0%, 0%, 0%, 0%, 0%, 0%, 0%, 0%, 0%, 0%, 0%, 0%, 0%, 0%, 0%, 0%, 100.0%, 0%, 0%, 0%, 0%, 0%, 0%, 0%"
2021-09-14,"UPRO, TECS, EEM, SOXL, TMF, EPI, YCS, EWZ, VOO, UUP, DBC, SHY, ERX, TECL, SPXS, TQQQ, EFA, SOXS, VIXY, EUO, UVXY, UCO, TMV, SQQQ, AGG","0%, 0%, 0%, 100.0%, 0%, 0%, 0%, 0%, 0%, 0%, 0%, 0%, 0%, 0%, 0%, 0%, 0%, 0%, 0%, 0%, 0%, 0%, 0%, 0%, 0%"
2021-09-13,"UPRO, TECS, EEM, SOXL, TMF, EPI, YCS, EWZ, VOO, UUP, DBC, SHY, ERX, TECL, SPXS, TQQQ, EFA, SOXS, VIXY, EUO, UVXY, UCO, TMV, SQQQ, AGG","0%, 0%, 0%, 0%, 0%, 0%, 0%, 0%, 0%, 0%, 0%, 0%, 0%, 0%, 0%, 0%, 0%, 100.0%, 0%, 0%, 0%, 0%, 0%, 0%, 0%"
2021-09-10,"UPRO, TECS, EEM, SOXL, TMF, EPI, YCS, EWZ, VOO, UUP, DBC, SHY, ERX, TECL, SPXS, TQQQ, EFA, SOXS, VIXY, EUO, UVXY, UCO, TMV, SQQQ, AGG","0%, 0%, 0%, 0%, 0%, 0%, 0%, 100.0%, 0%, 0%, 0%, 0%, 0%, 0%, 0%, 0%, 0%, 0%, 0%, 0%, 0%, 0%, 0%, 0%, 0%"
2021-09-03,"UPRO, TECS, EEM, SOXL, TMF, EPI, YCS, EWZ, VOO, UUP, DBC, SHY, ERX, TECL, SPXS, TQQQ, EFA, SOXS, VIXY, EUO, UVXY, UCO, TMV, SQQQ, AGG","0%, 0%, 0%, 100.0%, 0%, 0%, 0%, 0%, 0%, 0%, 0%, 0%, 0%, 0%, 0%, 0%, 0%, 0%, 0%, 0%, 0%, 0%, 0%, 0%, 0%"
2021-09-02,"UPRO, TECS, EEM, SOXL, TMF, EPI, YCS, EWZ, VOO, UUP, DBC, SHY, ERX, TECL, SPXS, TQQQ, EFA, SOXS, VIXY, EUO, UVXY, UCO, TMV, SQQQ, AGG","0%, 0%, 0%, 0%, 0%, 0%, 0%, 0%, 0%, 0%, 0%, 0%, 0%, 0%, 0%, 0%, 0%, 0%, 0%, 0%, 0%, 0%, 100.0%, 0%, 0%"
2021-08-30,"UPRO, TECS, EEM, SOXL, TMF, EPI, YCS, EWZ, VOO, UUP, DBC, SHY, ERX, TECL, SPXS, TQQQ, EFA, SOXS, VIXY, EUO, UVXY, UCO, TMV, SQQQ, AGG","0%, 0%, 0%, 100.0%, 0%, 0%, 0%, 0%, 0%, 0%, 0%, 0%, 0%, 0%, 0%, 0%, 0%, 0%, 0%, 0%, 0%, 0%, 0%, 0%, 0%"
2021-08-27,"UPRO, TECS, EEM, SOXL, TMF, EPI, YCS, EWZ, VOO, UUP, DBC, SHY, ERX, TECL, SPXS, TQQQ, EFA, SOXS, VIXY, EUO, UVXY, UCO, TMV, SQQQ, AGG","0%, 0%, 0%, 0%, 0%, 0%, 0%, 0%, 0%, 0%, 0%, 0%, 0%, 0%, 0%, 0%, 0%, 100.0%, 0%, 0%, 0%, 0%, 0%, 0%, 0%"
2021-08-25,"UPRO, TECS, EEM, SOXL, TMF, EPI, YCS, EWZ, VOO, UUP, DBC, SHY, ERX, TECL, SPXS, TQQQ, EFA, SOXS, VIXY, EUO, UVXY, UCO, TMV, SQQQ, AGG","0%, 0%, 0%, 0%, 0%, 0%, 0%, 0%, 0%, 0%, 0%, 0%, 0%, 0%, 0%, 0%, 0%, 0%, 0%, 0%, 0%, 0%, 100.0%, 0%, 0%"
2021-08-23,"UPRO, TECS, EEM, SOXL, TMF, EPI, YCS, EWZ, VOO, UUP, DBC, SHY, ERX, TECL, SPXS, TQQQ, EFA, SOXS, VIXY, EUO, UVXY, UCO, TMV, SQQQ, AGG","0%, 0%, 0%, 100.0%, 0%, 0%, 0%, 0%, 0%, 0%, 0%, 0%, 0%, 0%, 0%, 0%, 0%, 0%, 0%, 0%, 0%, 0%, 0%, 0%, 0%"
2021-08-20,"UPRO, TECS, EEM, SOXL, TMF, EPI, YCS, EWZ, VOO, UUP, DBC, SHY, ERX, TECL, SPXS, TQQQ, EFA, SOXS, VIXY, EUO, UVXY, UCO, TMV, SQQQ, AGG","0%, 0%, 0%, 0%, 0%, 0%, 0%, 0%, 0%, 0%, 0%, 0%, 0%, 0%, 0%, 0%, 0%, 0%, 0%, 0%, 0%, 100.0%, 0%, 0%, 0%"
2021-08-17,"UPRO, TECS, EEM, SOXL, TMF, EPI, YCS, EWZ, VOO, UUP, DBC, SHY, ERX, TECL, SPXS, TQQQ, EFA, SOXS, VIXY, EUO, UVXY, UCO, TMV, SQQQ, AGG","0%, 0%, 0%, 100.0%, 0%, 0%, 0%, 0%, 0%, 0%, 0%, 0%, 0%, 0%, 0%, 0%, 0%, 0%, 0%, 0%, 0%, 0%, 0%, 0%, 0%"
2021-08-16,"UPRO, TECS, EEM, SOXL, TMF, EPI, YCS, EWZ, VOO, UUP, DBC, SHY, ERX, TECL, SPXS, TQQQ, EFA, SOXS, VIXY, EUO, UVXY, UCO, TMV, SQQQ, AGG","0%, 0%, 0%, 0%, 0%, 0%, 0%, 0%, 0%, 0%, 0%, 0%, 0%, 0%, 0%, 0%, 0%, 0%, 0%, 0%, 100.0%, 0%, 0%, 0%, 0%"
2021-08-13,"UPRO, TECS, EEM, SOXL, TMF, EPI, YCS, EWZ, VOO, UUP, DBC, SHY, ERX, TECL, SPXS, TQQQ, EFA, SOXS, VIXY, EUO, UVXY, UCO, TMV, SQQQ, AGG","0%, 0%, 0%, 0%, 0%, 0%, 0%, 0%, 0%, 0%, 0%, 0%, 0%, 0%, 100.0%, 0%, 0%, 0%, 0%, 0%, 0%, 0%, 0%, 0%, 0%"
2021-08-11,"UPRO, TECS, EEM, SOXL, TMF, EPI, YCS, EWZ, VOO, UUP, DBC, SHY, ERX, TECL, SPXS, TQQQ, EFA, SOXS, VIXY, EUO, UVXY, UCO, TMV, SQQQ, AGG","0%, 0%, 0%, 100.0%, 0%, 0%, 0%, 0%, 0%, 0%, 0%, 0%, 0%, 0%, 0%, 0%, 0%, 0%, 0%, 0%, 0%, 0%, 0%, 0%, 0%"
2021-08-06,"UPRO, TECS, EEM, SOXL, TMF, EPI, YCS, EWZ, VOO, UUP, DBC, SHY, ERX, TECL, SPXS, TQQQ, EFA, SOXS, VIXY, EUO, UVXY, UCO, TMV, SQQQ, AGG","0%, 0%, 0%, 0%, 0%, 0%, 0%, 0%, 0%, 100.0%, 0%, 0%, 0%, 0%, 0%, 0%, 0%, 0%, 0%, 0%, 0%, 0%, 0%, 0%, 0%"
2021-07-30,"UPRO, TECS, EEM, SOXL, TMF, EPI, YCS, EWZ, VOO, UUP, DBC, SHY, ERX, TECL, SPXS, TQQQ, EFA, SOXS, VIXY, EUO, UVXY, UCO, TMV, SQQQ, AGG","0%, 0%, 0%, 100.0%, 0%, 0%, 0%, 0%, 0%, 0%, 0%, 0%, 0%, 0%, 0%, 0%, 0%, 0%, 0%, 0%, 0%, 0%, 0%, 0%, 0%"
2021-07-29,"UPRO, TECS, EEM, SOXL, TMF, EPI, YCS, EWZ, VOO, UUP, DBC, SHY, ERX, TECL, SPXS, TQQQ, EFA, SOXS, VIXY, EUO, UVXY, UCO, TMV, SQQQ, AGG","0%, 0%, 0%, 0%, 0%, 0%, 0%, 100.0%, 0%, 0%, 0%, 0%, 0%, 0%, 0%, 0%, 0%, 0%, 0%, 0%, 0%, 0%, 0%, 0%, 0%"
2021-07-27,"UPRO, TECS, EEM, SOXL, TMF, EPI, YCS, EWZ, VOO, UUP, DBC, SHY, ERX, TECL, SPXS, TQQQ, EFA, SOXS, VIXY, EUO, UVXY, UCO, TMV, SQQQ, AGG","0%, 0%, 0%, 100.0%, 0%, 0%, 0%, 0%, 0%, 0%, 0%, 0%, 0%, 0%, 0%, 0%, 0%, 0%, 0%, 0%, 0%, 0%, 0%, 0%, 0%"
2021-07-26,"UPRO, TECS, EEM, SOXL, TMF, EPI, YCS, EWZ, VOO, UUP, DBC, SHY, ERX, TECL, SPXS, TQQQ, EFA, SOXS, VIXY, EUO, UVXY, UCO, TMV, SQQQ, AGG","0%, 0%, 0%, 0%, 0%, 0%, 0%, 100.0%, 0%, 0%, 0%, 0%, 0%, 0%, 0%, 0%, 0%, 0%, 0%, 0%, 0%, 0%, 0%, 0%, 0%"
2021-07-08,"UPRO, TECS, EEM, SOXL, TMF, EPI, YCS, EWZ, VOO, UUP, DBC, SHY, ERX, TECL, SPXS, TQQQ, EFA, SOXS, VIXY, EUO, UVXY, UCO, TMV, SQQQ, AGG","0%, 0%, 0%, 100.0%, 0%, 0%, 0%, 0%, 0%, 0%, 0%, 0%, 0%, 0%, 0%, 0%, 0%, 0%, 0%, 0%, 0%, 0%, 0%, 0%, 0%"
2021-07-02,"UPRO, TECS, EEM, SOXL, TMF, EPI, YCS, EWZ, VOO, UUP, DBC, SHY, ERX, TECL, SPXS, TQQQ, EFA, SOXS, VIXY, EUO, UVXY, UCO, TMV, SQQQ, AGG","0%, 0%, 0%, 0%, 0%, 0%, 0%, 0%, 0%, 0%, 0%, 0%, 0%, 0%, 0%, 0%, 0%, 0%, 0%, 0%, 100.0%, 0%, 0%, 0%, 0%"
2021-07-01,"UPRO, TECS, EEM, SOXL, TMF, EPI, YCS, EWZ, VOO, UUP, DBC, SHY, ERX, TECL, SPXS, TQQQ, EFA, SOXS, VIXY, EUO, UVXY, UCO, TMV, SQQQ, AGG","0%, 0%, 0%, 0%, 100.0%, 0%, 0%, 0%, 0%, 0%, 0%, 0%, 0%, 0%, 0%, 0%, 0%, 0%, 0%, 0%, 0%, 0%, 0%, 0%, 0%"
2021-06-28,"UPRO, TECS, EEM, SOXL, TMF, EPI, YCS, EWZ, VOO, UUP, DBC, SHY, ERX, TECL, SPXS, TQQQ, EFA, SOXS, VIXY, EUO, UVXY, UCO, TMV, SQQQ, AGG","0%, 0%, 0%, 100.0%, 0%, 0%, 0%, 0%, 0%, 0%, 0%, 0%, 0%, 0%, 0%, 0%, 0%, 0%, 0%, 0%, 0%, 0%, 0%, 0%, 0%"
2021-06-24,"UPRO, TECS, EEM, SOXL, TMF, EPI, YCS, EWZ, VOO, UUP, DBC, SHY, ERX, TECL, SPXS, TQQQ, EFA, SOXS, VIXY, EUO, UVXY, UCO, TMV, SQQQ, AGG","0%, 0%, 0%, 0%, 100.0%, 0%, 0%, 0%, 0%, 0%, 0%, 0%, 0%, 0%, 0%, 0%, 0%, 0%, 0%, 0%, 0%, 0%, 0%, 0%, 0%"
2021-06-17,"UPRO, TECS, EEM, SOXL, TMF, EPI, YCS, EWZ, VOO, UUP, DBC, SHY, ERX, TECL, SPXS, TQQQ, EFA, SOXS, VIXY, EUO, UVXY, UCO, TMV, SQQQ, AGG","0%, 0%, 0%, 100.0%, 0%, 0%, 0%, 0%, 0%, 0%, 0%, 0%, 0%, 0%, 0%, 0%, 0%, 0%, 0%, 0%, 0%, 0%, 0%, 0%, 0%"
2021-06-16,"UPRO, TECS, EEM, SOXL, TMF, EPI, YCS, EWZ, VOO, UUP, DBC, SHY, ERX, TECL, SPXS, TQQQ, EFA, SOXS, VIXY, EUO, UVXY, UCO, TMV, SQQQ, AGG","0%, 0%, 0%, 0%, 100.0%, 0%, 0%, 0%, 0%, 0%, 0%, 0%, 0%, 0%, 0%, 0%, 0%, 0%, 0%, 0%, 0%, 0%, 0%, 0%, 0%"
2021-06-15,"UPRO, TECS, EEM, SOXL, TMF, EPI, YCS, EWZ, VOO, UUP, DBC, SHY, ERX, TECL, SPXS, TQQQ, EFA, SOXS, VIXY, EUO, UVXY, UCO, TMV, SQQQ, AGG","0%, 0%, 0%, 100.0%, 0%, 0%, 0%, 0%, 0%, 0%, 0%, 0%, 0%, 0%, 0%, 0%, 0%, 0%, 0%, 0%, 0%, 0%, 0%, 0%, 0%"
2021-06-14,"UPRO, TECS, EEM, SOXL, TMF, EPI, YCS, EWZ, VOO, UUP, DBC, SHY, ERX, TECL, SPXS, TQQQ, EFA, SOXS, VIXY, EUO, UVXY, UCO, TMV, SQQQ, AGG","0%, 0%, 0%, 0%, 0%, 0%, 0%, 0%, 0%, 0%, 0%, 0%, 0%, 0%, 0%, 0%, 0%, 0%, 100.0%, 0%, 0%, 0%, 0%, 0%, 0%"
2021-06-01,"UPRO, TECS, EEM, SOXL, TMF, EPI, YCS, EWZ, VOO, UUP, DBC, SHY, ERX, TECL, SPXS, TQQQ, EFA, SOXS, VIXY, EUO, UVXY, UCO, TMV, SQQQ, AGG","0%, 0%, 0%, 100.0%, 0%, 0%, 0%, 0%, 0%, 0%, 0%, 0%, 0%, 0%, 0%, 0%, 0%, 0%, 0%, 0%, 0%, 0%, 0%, 0%, 0%"
2021-05-27,"UPRO, TECS, EEM, SOXL, TMF, EPI, YCS, EWZ, VOO, UUP, DBC, SHY, ERX, TECL, SPXS, TQQQ, EFA, SOXS, VIXY, EUO, UVXY, UCO, TMV, SQQQ, AGG","0%, 0%, 0%, 0%, 100.0%, 0%, 0%, 0%, 0%, 0%, 0%, 0%, 0%, 0%, 0%, 0%, 0%, 0%, 0%, 0%, 0%, 0%, 0%, 0%, 0%"
2021-05-13,"UPRO, TECS, EEM, SOXL, TMF, EPI, YCS, EWZ, VOO, UUP, DBC, SHY, ERX, TECL, SPXS, TQQQ, EFA, SOXS, VIXY, EUO, UVXY, UCO, TMV, SQQQ, AGG","0%, 0%, 0%, 100.0%, 0%, 0%, 0%, 0%, 0%, 0%, 0%, 0%, 0%, 0%, 0%, 0%, 0%, 0%, 0%, 0%, 0%, 0%, 0%, 0%, 0%"
2021-05-12,"UPRO, TECS, EEM, SOXL, TMF, EPI, YCS, EWZ, VOO, UUP, DBC, SHY, ERX, TECL, SPXS, TQQQ, EFA, SOXS, VIXY, EUO, UVXY, UCO, TMV, SQQQ, AGG","0%, 0%, 0%, 0%, 0%, 0%, 0%, 0%, 0%, 0%, 0%, 0%, 0%, 100.0%, 0%, 0%, 0%, 0%, 0%, 0%, 0%, 0%, 0%, 0%, 0%"
2021-05-04,"UPRO, TECS, EEM, SOXL, TMF, EPI, YCS, EWZ, VOO, UUP, DBC, SHY, ERX, TECL, SPXS, TQQQ, EFA, SOXS, VIXY, EUO, UVXY, UCO, TMV, SQQQ, AGG","0%, 0%, 0%, 100.0%, 0%, 0%, 0%, 0%, 0%, 0%, 0%, 0%, 0%, 0%, 0%, 0%, 0%, 0%, 0%, 0%, 0%, 0%, 0%, 0%, 0%"
2021-04-30,"UPRO, TECS, EEM, SOXL, TMF, EPI, YCS, EWZ, VOO, UUP, DBC, SHY, ERX, TECL, SPXS, TQQQ, EFA, SOXS, VIXY, EUO, UVXY, UCO, TMV, SQQQ, AGG","0%, 0%, 0%, 0%, 0%, 0%, 0%, 0%, 0%, 0%, 0%, 0%, 0%, 0%, 0%, 0%, 0%, 100.0%, 0%, 0%, 0%, 0%, 0%, 0%, 0%"
2021-04-29,"UPRO, TECS, EEM, SOXL, TMF, EPI, YCS, EWZ, VOO, UUP, DBC, SHY, ERX, TECL, SPXS, TQQQ, EFA, SOXS, VIXY, EUO, UVXY, UCO, TMV, SQQQ, AGG","0%, 0%, 0%, 0%, 100.0%, 0%, 0%, 0%, 0%, 0%, 0%, 0%, 0%, 0%, 0%, 0%, 0%, 0%, 0%, 0%, 0%, 0%, 0%, 0%, 0%"
2021-04-28,"UPRO, TECS, EEM, SOXL, TMF, EPI, YCS, EWZ, VOO, UUP, DBC, SHY, ERX, TECL, SPXS, TQQQ, EFA, SOXS, VIXY, EUO, UVXY, UCO, TMV, SQQQ, AGG","0%, 0%, 0%, 100.0%, 0%, 0%, 0%, 0%, 0%, 0%, 0%, 0%, 0%, 0%, 0%, 0%, 0%, 0%, 0%, 0%, 0%, 0%, 0%, 0%, 0%"
2021-04-27,"UPRO, TECS, EEM, SOXL, TMF, EPI, YCS, EWZ, VOO, UUP, DBC, SHY, ERX, TECL, SPXS, TQQQ, EFA, SOXS, VIXY, EUO, UVXY, UCO, TMV, SQQQ, AGG","0%, 0%, 0%, 0%, 100.0%, 0%, 0%, 0%, 0%, 0%, 0%, 0%, 0%, 0%, 0%, 0%, 0%, 0%, 0%, 0%, 0%, 0%, 0%, 0%, 0%"
2021-04-19,"UPRO, TECS, EEM, SOXL, TMF, EPI, YCS, EWZ, VOO, UUP, DBC, SHY, ERX, TECL, SPXS, TQQQ, EFA, SOXS, VIXY, EUO, UVXY, UCO, TMV, SQQQ, AGG","0%, 0%, 0%, 100.0%, 0%, 0%, 0%, 0%, 0%, 0%, 0%, 0%, 0%, 0%, 0%, 0%, 0%, 0%, 0%, 0%, 0%, 0%, 0%, 0%, 0%"
2021-04-14,"UPRO, TECS, EEM, SOXL, TMF, EPI, YCS, EWZ, VOO, UUP, DBC, SHY, ERX, TECL, SPXS, TQQQ, EFA, SOXS, VIXY, EUO, UVXY, UCO, TMV, SQQQ, AGG","0%, 0%, 0%, 0%, 0%, 0%, 0%, 0%, 0%, 0%, 0%, 0%, 0%, 0%, 0%, 0%, 0%, 0%, 0%, 0%, 100.0%, 0%, 0%, 0%, 0%"
2021-04-12,"UPRO, TECS, EEM, SOXL, TMF, EPI, YCS, EWZ, VOO, UUP, DBC, SHY, ERX, TECL, SPXS, TQQQ, EFA, SOXS, VIXY, EUO, UVXY, UCO, TMV, SQQQ, AGG","0%, 0%, 0%, 0%, 0%, 0%, 0%, 0%, 0%, 0%, 0%, 0%, 0%, 0%, 0%, 0%, 0%, 0%, 100.0%, 0%, 0%, 0%, 0%, 0%, 0%"
2021-04-06,"UPRO, TECS, EEM, SOXL, TMF, EPI, YCS, EWZ, VOO, UUP, DBC, SHY, ERX, TECL, SPXS, TQQQ, EFA, SOXS, VIXY, EUO, UVXY, UCO, TMV, SQQQ, AGG","0%, 0%, 0%, 0%, 0%, 0%, 0%, 0%, 0%, 0%, 0%, 0%, 0%, 0%, 0%, 0%, 0%, 0%, 0%, 0%, 100.0%, 0%, 0%, 0%, 0%"
2021-04-01,"UPRO, TECS, EEM, SOXL, TMF, EPI, YCS, EWZ, VOO, UUP, DBC, SHY, ERX, TECL, SPXS, TQQQ, EFA, SOXS, VIXY, EUO, UVXY, UCO, TMV, SQQQ, AGG","100.0%, 0%, 0%, 0%, 0%, 0%, 0%, 0%, 0%, 0%, 0%, 0%, 0%, 0%, 0%, 0%, 0%, 0%, 0%, 0%, 0%, 0%, 0%, 0%, 0%"
2021-03-10,"UPRO, TECS, EEM, SOXL, TMF, EPI, YCS, EWZ, VOO, UUP, DBC, SHY, ERX, TECL, SPXS, TQQQ, EFA, SOXS, VIXY, EUO, UVXY, UCO, TMV, SQQQ, AGG","0%, 0%, 0%, 100.0%, 0%, 0%, 0%, 0%, 0%, 0%, 0%, 0%, 0%, 0%, 0%, 0%, 0%, 0%, 0%, 0%, 0%, 0%, 0%, 0%, 0%"
2021-03-09,"UPRO, TECS, EEM, SOXL, TMF, EPI, YCS, EWZ, VOO, UUP, DBC, SHY, ERX, TECL, SPXS, TQQQ, EFA, SOXS, VIXY, EUO, UVXY, UCO, TMV, SQQQ, AGG","0%, 0%, 0%, 0%, 0%, 0%, 0%, 0%, 0%, 0%, 0%, 0%, 0%, 0%, 0%, 0%, 0%, 0%, 0%, 0%, 100.0%, 0%, 0%, 0%, 0%"
2021-03-02,"UPRO, TECS, EEM, SOXL, TMF, EPI, YCS, EWZ, VOO, UUP, DBC, SHY, ERX, TECL, SPXS, TQQQ, EFA, SOXS, VIXY, EUO, UVXY, UCO, TMV, SQQQ, AGG","0%, 0%, 0%, 100.0%, 0%, 0%, 0%, 0%, 0%, 0%, 0%, 0%, 0%, 0%, 0%, 0%, 0%, 0%, 0%, 0%, 0%, 0%, 0%, 0%, 0%"
2021-03-01,"UPRO, TECS, EEM, SOXL, TMF, EPI, YCS, EWZ, VOO, UUP, DBC, SHY, ERX, TECL, SPXS, TQQQ, EFA, SOXS, VIXY, EUO, UVXY, UCO, TMV, SQQQ, AGG","100.0%, 0%, 0%, 0%, 0%, 0%, 0%, 0%, 0%, 0%, 0%, 0%, 0%, 0%, 0%, 0%, 0%, 0%, 0%, 0%, 0%, 0%, 0%, 0%, 0%"
2021-02-22,"UPRO, TECS, EEM, SOXL, TMF, EPI, YCS, EWZ, VOO, UUP, DBC, SHY, ERX, TECL, SPXS, TQQQ, EFA, SOXS, VIXY, EUO, UVXY, UCO, TMV, SQQQ, AGG","0%, 0%, 0%, 100.0%, 0%, 0%, 0%, 0%, 0%, 0%, 0%, 0%, 0%, 0%, 0%, 0%, 0%, 0%, 0%, 0%, 0%, 0%, 0%, 0%, 0%"
2021-02-11,"UPRO, TECS, EEM, SOXL, TMF, EPI, YCS, EWZ, VOO, UUP, DBC, SHY, ERX, TECL, SPXS, TQQQ, EFA, SOXS, VIXY, EUO, UVXY, UCO, TMV, SQQQ, AGG","100.0%, 0%, 0%, 0%, 0%, 0%, 0%, 0%, 0%, 0%, 0%, 0%, 0%, 0%, 0%, 0%, 0%, 0%, 0%, 0%, 0%, 0%, 0%, 0%, 0%"
2021-02-10,"UPRO, TECS, EEM, SOXL, TMF, EPI, YCS, EWZ, VOO, UUP, DBC, SHY, ERX, TECL, SPXS, TQQQ, EFA, SOXS, VIXY, EUO, UVXY, UCO, TMV, SQQQ, AGG","0%, 0%, 0%, 100.0%, 0%, 0%, 0%, 0%, 0%, 0%, 0%, 0%, 0%, 0%, 0%, 0%, 0%, 0%, 0%, 0%, 0%, 0%, 0%, 0%, 0%"
2021-02-03,"UPRO, TECS, EEM, SOXL, TMF, EPI, YCS, EWZ, VOO, UUP, DBC, SHY, ERX, TECL, SPXS, TQQQ, EFA, SOXS, VIXY, EUO, UVXY, UCO, TMV, SQQQ, AGG","100.0%, 0%, 0%, 0%, 0%, 0%, 0%, 0%, 0%, 0%, 0%, 0%, 0%, 0%, 0%, 0%, 0%, 0%, 0%, 0%, 0%, 0%, 0%, 0%, 0%"
2021-02-02,"UPRO, TECS, EEM, SOXL, TMF, EPI, YCS, EWZ, VOO, UUP, DBC, SHY, ERX, TECL, SPXS, TQQQ, EFA, SOXS, VIXY, EUO, UVXY, UCO, TMV, SQQQ, AGG","0%, 0%, 0%, 100.0%, 0%, 0%, 0%, 0%, 0%, 0%, 0%, 0%, 0%, 0%, 0%, 0%, 0%, 0%, 0%, 0%, 0%, 0%, 0%, 0%, 0%"
2021-02-01,"UPRO, TECS, EEM, SOXL, TMF, EPI, YCS, EWZ, VOO, UUP, DBC, SHY, ERX, TECL, SPXS, TQQQ, EFA, SOXS, VIXY, EUO, UVXY, UCO, TMV, SQQQ, AGG","100.0%, 0%, 0%, 0%, 0%, 0%, 0%, 0%, 0%, 0%, 0%, 0%, 0%, 0%, 0%, 0%, 0%, 0%, 0%, 0%, 0%, 0%, 0%, 0%, 0%"
2021-01-29,"UPRO, TECS, EEM, SOXL, TMF, EPI, YCS, EWZ, VOO, UUP, DBC, SHY, ERX, TECL, SPXS, TQQQ, EFA, SOXS, VIXY, EUO, UVXY, UCO, TMV, SQQQ, AGG","0%, 0%, 0%, 100.0%, 0%, 0%, 0%, 0%, 0%, 0%, 0%, 0%, 0%, 0%, 0%, 0%, 0%, 0%, 0%, 0%, 0%, 0%, 0%, 0%, 0%"
2021-01-28,"UPRO, TECS, EEM, SOXL, TMF, EPI, YCS, EWZ, VOO, UUP, DBC, SHY, ERX, TECL, SPXS, TQQQ, EFA, SOXS, VIXY, EUO, UVXY, UCO, TMV, SQQQ, AGG","100.0%, 0%, 0%, 0%, 0%, 0%, 0%, 0%, 0%, 0%, 0%, 0%, 0%, 0%, 0%, 0%, 0%, 0%, 0%, 0%, 0%, 0%, 0%, 0%, 0%"
2021-01-22,"UPRO, TECS, EEM, SOXL, TMF, EPI, YCS, EWZ, VOO, UUP, DBC, SHY, ERX, TECL, SPXS, TQQQ, EFA, SOXS, VIXY, EUO, UVXY, UCO, TMV, SQQQ, AGG","0%, 0%, 0%, 100.0%, 0%, 0%, 0%, 0%, 0%, 0%, 0%, 0%, 0%, 0%, 0%, 0%, 0%, 0%, 0%, 0%, 0%, 0%, 0%, 0%, 0%"
2021-01-06,"UPRO, TECS, EEM, SOXL, TMF, EPI, YCS, EWZ, VOO, UUP, DBC, SHY, ERX, TECL, SPXS, TQQQ, EFA, SOXS, VIXY, EUO, UVXY, UCO, TMV, SQQQ, AGG","100.0%, 0%, 0%, 0%, 0%, 0%, 0%, 0%, 0%, 0%, 0%, 0%, 0%, 0%, 0%, 0%, 0%, 0%, 0%, 0%, 0%, 0%, 0%, 0%, 0%"
2021-01-04,"UPRO, TECS, EEM, SOXL, TMF, EPI, YCS, EWZ, VOO, UUP, DBC, SHY, ERX, TECL, SPXS, TQQQ, EFA, SOXS, VIXY, EUO, UVXY, UCO, TMV, SQQQ, AGG","0%, 0%, 0%, 100.0%, 0%, 0%, 0%, 0%, 0%, 0%, 0%, 0%, 0%, 0%, 0%, 0%, 0%, 0%, 0%, 0%, 0%, 0%, 0%, 0%, 0%"
2020-12-31,"UPRO, TECS, EEM, SOXL, TMF, EPI, YCS, EWZ, VOO, UUP, DBC, SHY, ERX, TECL, SPXS, TQQQ, EFA, SOXS, VIXY, EUO, UVXY, UCO, TMV, SQQQ, AGG","0%, 0%, 0%, 0%, 0%, 0%, 0%, 0%, 0%, 0%, 0%, 0%, 0%, 0%, 0%, 0%, 0%, 0%, 0%, 0%, 100.0%, 0%, 0%, 0%, 0%"
2020-12-30,"UPRO, TECS, EEM, SOXL, TMF, EPI, YCS, EWZ, VOO, UUP, DBC, SHY, ERX, TECL, SPXS, TQQQ, EFA, SOXS, VIXY, EUO, UVXY, UCO, TMV, SQQQ, AGG","0%, 0%, 0%, 100.0%, 0%, 0%, 0%, 0%, 0%, 0%, 0%, 0%, 0%, 0%, 0%, 0%, 0%, 0%, 0%, 0%, 0%, 0%, 0%, 0%, 0%"
2020-12-24,"UPRO, TECS, EEM, SOXL, TMF, EPI, YCS, EWZ, VOO, UUP, DBC, SHY, ERX, TECL, SPXS, TQQQ, EFA, SOXS, VIXY, EUO, UVXY, UCO, TMV, SQQQ, AGG","100.0%, 0%, 0%, 0%, 0%, 0%, 0%, 0%, 0%, 0%, 0%, 0%, 0%, 0%, 0%, 0%, 0%, 0%, 0%, 0%, 0%, 0%, 0%, 0%, 0%"
2020-12-22,"UPRO, TECS, EEM, SOXL, TMF, EPI, YCS, EWZ, VOO, UUP, DBC, SHY, ERX, TECL, SPXS, TQQQ, EFA, SOXS, VIXY, EUO, UVXY, UCO, TMV, SQQQ, AGG","0%, 0%, 0%, 100.0%, 0%, 0%, 0%, 0%, 0%, 0%, 0%, 0%, 0%, 0%, 0%, 0%, 0%, 0%, 0%, 0%, 0%, 0%, 0%, 0%, 0%"
2020-12-16,"UPRO, TECS, EEM, SOXL, TMF, EPI, YCS, EWZ, VOO, UUP, DBC, SHY, ERX, TECL, SPXS, TQQQ, EFA, SOXS, VIXY, EUO, UVXY, UCO, TMV, SQQQ, AGG","100.0%, 0%, 0%, 0%, 0%, 0%, 0%, 0%, 0%, 0%, 0%, 0%, 0%, 0%, 0%, 0%, 0%, 0%, 0%, 0%, 0%, 0%, 0%, 0%, 0%"
2020-12-09,"UPRO, TECS, EEM, SOXL, TMF, EPI, YCS, EWZ, VOO, UUP, DBC, SHY, ERX, TECL, SPXS, TQQQ, EFA, SOXS, VIXY, EUO, UVXY, UCO, TMV, SQQQ, AGG","0%, 0%, 0%, 100.0%, 0%, 0%, 0%, 0%, 0%, 0%, 0%, 0%, 0%, 0%, 0%, 0%, 0%, 0%, 0%, 0%, 0%, 0%, 0%, 0%, 0%"
2020-12-08,"UPRO, TECS, EEM, SOXL, TMF, EPI, YCS, EWZ, VOO, UUP, DBC, SHY, ERX, TECL, SPXS, TQQQ, EFA, SOXS, VIXY, EUO, UVXY, UCO, TMV, SQQQ, AGG","0%, 0%, 0%, 0%, 0%, 0%, 0%, 0%, 0%, 0%, 0%, 0%, 0%, 0%, 0%, 0%, 0%, 0%, 0%, 0%, 100.0%, 0%, 0%, 0%, 0%"
2020-12-07,"UPRO, TECS, EEM, SOXL, TMF, EPI, YCS, EWZ, VOO, UUP, DBC, SHY, ERX, TECL, SPXS, TQQQ, EFA, SOXS, VIXY, EUO, UVXY, UCO, TMV, SQQQ, AGG","0%, 0%, 0%, 100.0%, 0%, 0%, 0%, 0%, 0%, 0%, 0%, 0%, 0%, 0%, 0%, 0%, 0%, 0%, 0%, 0%, 0%, 0%, 0%, 0%, 0%"
2020-12-02,"UPRO, TECS, EEM, SOXL, TMF, EPI, YCS, EWZ, VOO, UUP, DBC, SHY, ERX, TECL, SPXS, TQQQ, EFA, SOXS, VIXY, EUO, UVXY, UCO, TMV, SQQQ, AGG","100.0%, 0%, 0%, 0%, 0%, 0%, 0%, 0%, 0%, 0%, 0%, 0%, 0%, 0%, 0%, 0%, 0%, 0%, 0%, 0%, 0%, 0%, 0%, 0%, 0%"
2020-12-01,"UPRO, TECS, EEM, SOXL, TMF, EPI, YCS, EWZ, VOO, UUP, DBC, SHY, ERX, TECL, SPXS, TQQQ, EFA, SOXS, VIXY, EUO, UVXY, UCO, TMV, SQQQ, AGG","0%, 0%, 0%, 100.0%, 0%, 0%, 0%, 0%, 0%, 0%, 0%, 0%, 0%, 0%, 0%, 0%, 0%, 0%, 0%, 0%, 0%, 0%, 0%, 0%, 0%"
